news,code
아이뉴스 류은혁 기자 전사적 자원관리시스템 개발업체인 영림원소프트랩은 지난 일 일반 투자자를 대상으로 진행한 공모청약에서 천 대 의 경쟁률을 기록했다고 일 밝혔다이날 영림원소프트랩의 상장을 주관하고 있는 미래에셋대우에 따르면 이번 일반 공모청약은 전체 공모 물량의 에 해당하는 만주를 대상으로 진행됐다 이에 총 억천만천주가 청약 접수됐고 증거금은 약 조천억원을 기록했다영림원소프트랩의 공모가는 만천원으로 약 억원을 조달할 예정이다 공모자금은 연구개발 및 시설투자와 함께 글로벌 시장 진출에 활용할 예정이다 코스닥시장 상장 예정일은 오는 일이다권영범 영림원소프트랩 대표는 이번 일반 투자자 공모청약을 통해 성장 가능성에 대한 책임감을 느낀다며 상장 후에도 투명하고 책임감 있는 경영활동으로 코스닥 상장사로서의 의무를 다하고 시장에서 아시아 대표가 될 수 있도록 노력하겠다고 밝혔다영림원소프트랩은 온프레미스 인  와 클라우드  기반의 월 과금형 인  관련 사업을 주력으로 하고 있다 특히 전체 인력 중 기술 인력의 비율이 를 차지할 정도로 전문적인 기술개발 역량을 갖추고 있으며 이를 토대로 지난 년에는 소프트웨어정책연구소의 국내외 기업경쟁력 분석에서 인력 부문 전체 위를 차지하기도 했다 아이뉴스 무단전재 및 재배포 금지,경제
금융노동조합 연대회의 출범식 금융노조 금융노동조합 연대회의 출범식 금융노조아이뉴스 김다운 기자 중장년 금융권 노동자로 구성된 금융노동조합 연대회의이하 금융노조가 일 국회 의원회관에서 공식 출범했다산업은행기업은행국민은행씨티은행신용보증기금기술보증기금서울보증보험한국거래소 등 여덟 곳의 중장년 금융노동자가 주축이 된 노조가 연맹 형식으로 힘을 합친 것이다 조합원 수는 약 천여명이다고용상 연령차별금지법고령자고용법에 정년 세가 보장되었음에 불구하고 대 금융노동자들의 희생만 강요하는 임금피크제 문제의 해결과 청년고용 확대를 위한 현실적인 희망퇴직제도의 실시 등 중장년 근로자와 관련한 주요 문제를 직접 해결하겠다는 취지다금융노조의 심상균 초대위원장국민은행노동조합위원장은 이 날 대회사에서 법적으로 정년이 세로 보장되었지만 위법적인 임금피크제 강제실시로 인해 오히려 대 금융노동자들은 반값 근무와 직급 강등에 의해 조기 퇴출을 강요당하고 있다고 밝혔다심 위원장은 임금피크로 갈취한 우리의 임금을 돌려받아 금융재단 설립 등을 통해  세대의 고용안정이나 청년 일자리를 위해 사용해야 한다고 강조했다금융권의 세대 갈등도 극에 달해 세대별 복수노조 시대가 가속화 되고 있는 상황이다 복수노조에 의한 연합노조가 설립되는 것은 이번이 처음이다상급단체 성격의 연맹조직을 구성한 건 기존 금융권 노조에서 중장년 노동자 관련 이슈가 해결되지 않고 있다는 판단에서다제 금융권의 기존 금융노조는 올해 임단협 안건으로 세 정년 연장 및 임금피크제 개선을 내걸었지만 뒷전으로 밀려나 해결의 실마리를 찾지 못하고 있는 상황이라고 금융노조 측은 지적했다금융노조의 수석부위원장인 박경준 기업은행노동조합위원장은 고령 근로자 관련 현안은 기존 노조의 협상 우선순위에서 대부분 뒤로 밀려나 있다며 임금피크제의 폐지 및 정당한 희망퇴직 등의 주요 사안에서 대 사용자 및 정부측에 직접 목소리를 낼 것이라고 말했다금융권의 복수 노조들이 새로운 노동조합연합단체를 만든 것은 중장년 금융노동자 관련 이슈가 매해 불거지고 있기 때문이다임금피크제를 적용받는 직원은 불어나는데 처우는 계속 악화되고 있다는 주장이다 특히 희망퇴직이 사문화된 국책은행은 갈등이 더 극심하다그동안은 이러한 문제들에 대하여 기존 노조를 통해 사측과 협상해 왔다 그러나 해결이 지지부진하여 금융노조를 출범시켜 이런 문제들에 대해 직접 목소리를 내겠다는 취지다금융권의 세대 갈등이 복수노조화를 부추길 수 있다는 전망도 나온다기재부에 따르면 지난해 말 국책은행 임금피크제 직원 비중은 산업은행  기업은행  수출입은행  등이었다 내년에는 전체 국책은행 직원의  수준으로 늘어날 전망이다금융권 관계자는 연령대별로 이해관계가 확연히 달라지고 있어 세대별 복수노조가 금융권에 보편화할 가능성도 있다고 말했다이 날 출범식에서 노후희망유니온 및 청년유니온과도 업무협약을 체결하여 세대별노동조합 활동을 통해 노동운동의 새로운 지평을 열어갈 것임을 밝혔다 향후 업종의 제한을 넘어서 전국 노동조합연대회의도 구축할 계획이다청년일자리 창출을 위한 희망퇴직과 관련하여 금융노조의 김지원 부위원장은 국책은행의 희망퇴직을 정당한 금액으로 현실화하고 고령 근로자에게 퇴로를 열어주는 것은 청년고용과 사회적 갈등 해소에도 도움이 되는 일이라며 금융권 조직의 선순환을 위해 은퇴를 앞둔 세대에 대한 대책을 시급히 마련해야 한다고 주장했다 아이뉴스 무단전재 및 재배포 금지,경제
금융그룹과 현대건설기계가 아세안 등 해외시장에서 경쟁력을 높이기 위해 업무협약을 맺고 기념사진을 촬영하고 있다 왼쪽부터 오성호 상무 권기형 현대건설기계 전무 금융그룹  금융그룹과 현대건설기계가 아세안 등 해외시장에서 경쟁력을 높이기 위해 업무협약을 맺고 기념사진을 촬영하고 있다 왼쪽부터 오성호 상무 권기형 현대건설기계 전무 금융그룹 아이뉴스 이효정 기자 금융그룹과 현대건설기계가 아세안 등 해외시장에서 경쟁력을 높이기 위해 업무협약을 맺었다고 일 밝혔다이번 협약으로 두 회사는 아세안 시장에 제휴 등의 방식으로 다양한 사업을 추진할 계획이다 금융그룹은 현대건설기계 판매 상품에 대한 리스금융으로 수익성을 강화할 수 있다 현대건설기계는 금융이 제공하는 금융상품을 토대로 아세안 시장에서의 점유율을 늘릴 수 있을 것으로 기대된다그 일환으로 내달 두 회사는 캄보디아에 첫 금융상품 출시를 앞두고 있다 금융그룹은 현대건설기계와의 이번 제휴 사업을 글로벌 주요 전략으로 추진한다는 방침이다금융그룹은 년 라오스 리스업 년 캄보디아  특수은행 년 미얀마 소액대출업 년 베트남 호치민지점 개점 등 아세안 중심으로 해외 시장을 공략하고 있다특히 한국계 진출기관 최초로 캄보디아에서 현지인 법인장을 선임하는 등 차별화된 현지화 전략에 주력하고 있다현대건설기계는 중국 시장과 더불어 아세안 등 신흥시장에서의 판매 확대를 모색하고 있다 아세안 시장은 전통적으로 일본 제조업체들이 선점해 강세를 보이고 있는 지역이다 최근에는 국내업체와 함께 중국업체들이 공격적으로 시장 진출을 추진하고 있어 경쟁이 치열해지고 있다 아이뉴스 무단전재 및 재배포 금지,경제
정부가 공공참여형 고밀재건축공공재건축 도입 등으로 서울 도심 공급을 확대한다 공공재건축을 하면 용적률을 최대 까지 주고 층수 규제를 완화해 층으로 지을 수 있게 해준다 하지만 용적률 증가에 따른 기대수익의  이상을 공공기부 형태로 환수하기로 했다정부는 일 정부서울청사에서 서울에 만가구를 추가 공급하는  부동산대책을 발표했다 이번 정부의 번째 부동산대책으로 서울 공릉동 태릉골프장과 용산구 캠프킴 정부과천청사 부지 등 신규 택지 발굴만가구을 비롯해 공공재건축재개발만 가구 기 신도시 등 고밀화만가구 도심 공급 확대가구 등이 담겼다가장 비중이 큰 건 공공재건축만 가구이다 한국토지주택공사 서울주택도시공사 등 공공기관이 참여할 경우 현재  수준인 용적률을 최대 로 늘려주기로 했다 층으로 묶인 층수 제한도 풀어줘 강남 재건축 단지들도 층까지 지을 수 있게 된다증가한 용적률의 는 공공임대 등으로 공공기부해야 한다 현재 용적률이 인 가구 은마아파트는 용적률 한도 인센티브 에 맞춰 가구를 새로 짓는 정비계획이 수립돼 있다 만약 공공 재건축으로 용적률 가 적용되면 가구를 더 건립할 수 있다 단 증가분의 최대 인 가구를 공공기부해야 한다 여기에 재건축 초과이익환수금까지 거두면 개발이익을 대부분 환수할 수 있게 된다그러나  환수는 지나치다는 지적이 나온다 서울시도 이날 공공 재건축에 반대한다는 입장을 밝혀 논란이 예상된다 권대중 명지대 부동산학과 교수는 정비사업 규제 완화는 환영할 일이지만 개발이익의 대부분을 환수해간다면 강남 등 알짜 입지 재건축 조합들은 참여하지 않을 것이라고 말했다최진석이유정 기자  한국경제    무단전재 및 재배포 금지,경제
더불어민주당과 정부는  부동산 대책을 발표하기에 앞서 일 오전 국회 의원회관에서 당정협의를 열었다 홍남기 부총리 겸 기획재정부 장관왼쪽이 김태년 민주당 원내대표에게 귓속말을 하고 있다 연합뉴스 더불어민주당과 정부는  부동산 대책을 발표하기에 앞서 일 오전 국회 의원회관에서 당정협의를 열었다 홍남기 부총리 겸 기획재정부 장관왼쪽이 김태년 민주당 원내대표에게 귓속말을 하고 있다 연합뉴스추가 규제 엄포 놓은 정부공급 대책 실효성도 의문홍남기 부총리 겸 기획재정부 장관은  부동산대책을 발표하면서 재건축으로 부동산 시장이 불안해지면 토지거래 허가구역 지정 등을 검토하겠다고 말했다 토지거래허가제는 특정 지역의 집을 사기 전에 일일이 관청의 허가를 받도록 한 것으로 부동산 규제의 끝판왕으로 통한다 김태년 더불어민주당 원내대표도 부동산 시장 교란 행위가 계속되면 더 강력한 입법에 나서겠다고 했다 번째 부동산 대책의 잉크가 마르기도 전에 더 센 번째 대책을 예고한 것이다 대책은 문재인 정부 들어 번째 부동산 대책이다 현 정부가 출범한 지 개월이 지났으니 두 달에 한 번꼴로 대책을 내놓은 셈이다 이번 대책은 그간 치중해온 규제 강화와 결이 다른 공급 대책이지만 쉴 새 없이 발표되는 부동산 대책에 피로감을 호소하는 목소리가 많다하지만 정부는 이날도 이게 끝이 아니다고 엄포를 놓았다 홍 부총리는 공급 확대 대책이 개발 호재로 인식돼 부동산 시장 불안 요인으로 작용할 가능성을 배제하지 않고 있다고 말했다 이어 그런 일이 발생하지 않게 철저히 모니터링하는 것은 물론 필요한 경우 토지거래 허가구역 지정 등을 통해 시장 불안 요인을 철저히 관리하겠다고 했다지역별 허가제 대책을 내놓은 선례는 적지 않다 정부는 지난 월 일 서울 용산 정비창 부지 일대를 개발해 아파트 가구를 공급하겠다고 밝혔는데 직후 인근 집값이 급등했다 그러자 불과 일 뒤인 일 용산 정비창 부지 일대를 토지거래 허가 구역으로 지정했다 토지거래허가제는 해당 구역에서 토지나 주택을 거래할 때 관할 시군구청에서 허가를 받도록 한 것이다 매수한 집에서 년 이상 실거주해야 하는 등 조건이 까다로워 고강도 규제로 꼽힌다 지난 월 일 추가로 토지거래 허가구역으로 지정된 서울 강남구 삼성대치청담동 송파구 잠실동은 이후 한 달간 주택거래 허가신청 건수가 작년 같은 기간보다  급감하기도 했다여당 역시 추가 규제를 예고했다 김태년 원내대표는 이날 원내대책회의에서 공급 대책 이후 시장 교란 행위가 나타나면 모든 행정력과 정책수단을 동원해 투기 세력을 발본색원하겠다며 필요하면 더 강력한 입법에 나서겠다고 목소리를 높였다 대출 규제 강화 부동산 세금 추가 인상 등까지 가능성을 열어놓은 것이라는 평가가 나온다공급 대책의 실효성이 낮아 가까운 시일 안에 땜질을 할지 모른다는 우려도 제기된다  대책의 핵심 중 하나는 공공참여형 재건축 사업 도입이다 민간 재건축 단지의 용적률 규제 등을 완화해주는 대신 이로 인해 늘어나는 수익의 를 공공기여 방식으로 국가가 환수하도록 한 것이다 김현미 국토교통부 장관은 재건축 초기 사업장의  정도는 공공참여형 재건축 사업에 참여할 것이라며 이로 인해 년간 만 가구의 주택이 공급될 것으로 기대한다고 말했다김상봉 한성대 경제학과 교수는 용적률 규제를 완화해준다지만 추가 수익의 를 뱉어내라는 건 과도한 희생을 강요하는 것이라며 민간 참여가 저조해 또 보완 대책을 내놓을 가능성이 커 보인다고 지적했다정부는 최근 주택 임대시장 혼란을 키우고 있는 임대차 법전월세 상한제 계약갱신청구권제에 관련된 세입자 보호를 더 강화하겠다는 입장도 밝혔다 김 장관은 임대인이 직접 거주하겠다고 세입자의 계약 갱신을 거부한 뒤 다른 사람에게 임대한 사실이 적발되면 손해배상을 청구할 수 있게 했다며 실거주 여부를 확인할 수 있게 세입자가 해당 주택의 임대차 정보를 열람할 수 있게 할 것이라고 했다서민준 기자  한국경제    무단전재 및 재배포 금지,경제
생활용품 기업 크린랲은 국내 생산 건전지 브랜드 하이퍼맥스를 출시하고 알카라인 건전지 시리즈 제품을 출시했다고 일 밝혔다하이퍼맥스에는 어린이 및 청소년 소비자를 겨냥한 엉이부엉이 구리개구리 판다 등 동물 캐릭터 디자인이 적용됐다 캐릭터마다 개들이로 사이즈와 사이즈 두 종류로 출시됐다 수은 카드뮴 납 등 중금속을 첨가하지 않은 친환경 제품이다 크린랲은 광주 소재 건전지 제조회사 알이배터리의 생산공장에서 하이퍼맥스를  자체 개발생산한다 한국경제    무단전재 및 재배포 금지,경제
노원구 태릉골프장 전경 노원구 태릉골프장 전경서울경제 홍남기 부총리 겸 기획재정부 장관이 수도권 주택공급 확대방안과 관련해 태릉골프장은 그린벨트 환경평가 등급상 등급으로 보존가치가 낮아 택지로 개발하기로 했다며 그 외 그린벨트는 미래세대를 위해 보전한다는 원칙 아래 검토하지 않았다고 언급했다 태릉골프장 이외 대규모 공급 후보지로 거론됐던 정부 소유 골프장들도 제외되면서 신규 택지공급량은 만가구 수준에 그쳤다이에 따라 서울에서 가구 이상이 들어설 미니신도시급은 기존에 발표했던 용산정비창과 이번 대책에 포함된 태릉골프장 등 두 곳에 불과하게 됐다 서울 내 신규 택지공급 물량이 예상보다 많지 않아 신규 발굴이 추가로 필요할 수 있다는 지적이 벌써 제기된다 또 이번 방안과 관련해 과천시에서 즉각 반발하는 등 지방자치단체와의 협의 과정이 순탄하지 않을 것으로 예상돼 공급계획에 변수가 될 수 있다는 평가도 나온다태릉골프장 빼면 미니 신도시 없어이번에 발표된 신규 택지 가운데 조성 규모가 가장 큰 곳은 태릉골프장이다 대지면적이 총 만 규모이며 정부는 대략 만가구를 공급하기로 했다 당초 인근 육군사관학교 부지까지 연계해 개발하는 방안도 제기됐지만 별다른 논의 없이 무산된 것으로 알려졌다태릉골프장 인근에는 구리 갈매신도시가 조성돼 있다 지역 주민들의 교통 과밀 우려에 따라 이번에 광역교통개선대책도 함께 제시됐다 정부는 경춘선 열차를 추가 투입하고 갈매역과 화랑대역 인근 지하철역을 연계한 간선급행버스를 신설하기로 방침을 정했다 또 화랑로 확장 묵동신내 구간을 차로로 확장하는 등 도로 개선 방안도 내놓았다신규로 발표한 택지 가운데는 용산 미군기지 캠프킴과 정부과천청사가 각각 가구 가구 규모로 중규모 수준이 된다 캠프킴은 미군과 이미 반환협상이 완료됐는데 환경오염 정화비용과 관련한 최종 조율이 끝나지 않았다 정부는 협상이 끝나는 대로 바로 주택공급이 가능하도록 하겠다는 입장이다 과천정부청사는 현재 정부 산하기관들이 다수 입주해 있는데 정부의 차 공공기관 지방 이전에 따라 일부 지역을 택지로 조성하기로 했다서울 강남 지역에서도 다수의 택지조성계획안이 나왔다 그동안 택지 후보지로 거론되지 않았던 서울 서초구 서울지방조달청이 대표적이다 정부는 이곳에 가구가량을 공급하기로 했는데 입지가 워낙 좋아 공공분양임대 경쟁률이 치열할 것으로 예상된다또 서울 서초구 국립외교원 부지와 강남구  서울지역본부에도 각각 가구 가구가 공급될 예정이다 유력한 택지 후보지로 평가받았던 강남구 대치동 서울무역전시장은 잠실 마이스 개발과 연계한다는 이유에서 이번에 제외됐다 서울시는 용도전환에 대해 추가 검토가 필요하다는 입장이다 그 밖에 서울 마포구 서부면허시험장가구 상암 미매각 부지가구 상암 자동차검사소가구 상암 견인차량보관소가구 등 마포구 일대에도 가구 이상이 공급될 예정이다정부는 이번에 신규 공급하는 물량 가운데 절반 이상은 생애 최초 주택구입자와 청년신혼부부 등에 배정할 예정이다 서울에서는 매년 만가구가량의 신규 주택이 공급되고 있는데 이번에 신규 택지를 통해 공급하는 총량은 년치 공급량 수준이다 이런 상황에서 청년신혼부부 등에 물량 절반을 배정하는 만큼 일반에 공급되는 물량은 만가구 수준에 그칠 것으로 보인다택지 조성과 관련한 지자체와의 협의 과정도 진통이 예상된다 과천시는 이날 공급대책 발표가 끝나자마자 반대 의견을 표명했다 김종천 과천시장은 긴급 브리핑을 통해 과천에 가구의 대규모 주택을 공급하는 것은 시민들에게 고통을 주는 일이라며 정부과천청사를 택지개발에서 제외해달라고 요구했다 과천뿐 아니라 태릉골프장용산정비창 등도 주민들의 반발이 나오고 있는 상태다 강동효기자 저작권자  서울경제 무단 전재 및 재배포 금지,경제
문재인 정부 년 동안 서울 아파트의 당 가격이 만원 가까이 오른 것으로 나타났다일 김상훈 미래통합당 의원이 한국감정원으로부터 받은 자료에 따르면 지난달 서울 아파트의 당 평균 시세는 만원이었다 문재인 정부가 출범한 년 월만원과 비교해 만원 올랐다 년 새  상승한 셈이다자료에 따르면 지난 년간 서울 아파트 가격은 개 자치구에서 모두 상승했다 지난달 기준 당 만원이 넘는 자치구도 개나 됐다 증가율로 보면 성동구가 가장 크게 올랐다 이 기간 당 만원에서 만원으로  뛰었다 서대문구가 당 만원에서 만원으로  올라 뒤를 이었다 종로구만원와 동대문구만원 강동구만원도 대 상승률을 기록했다금액 기준으로 가장 많이 오른 자치구는 강남구로 조사됐다 이 기간 강남구의 아파트 가격은 당 만원에서 만원으로 만원 상승했다 같은 기간 서초구 역시 만원에서 만원으로 만원 올랐다 이들 지역 아파트의 당 시세는 서울 근로자의 지난해 기준 평균 연봉만원을 넘어섰다김 의원은 년치 급여로도 강남 아파트 를 사기 어려운 상황이라며 집값이 급격히 상승하면서 주택 실수요자 청년 신혼부부 무주택자들은 내집 마련조차 어려워졌다고 지적했다 이어 비교적 실수요 서민층이 구매하던 자치구의 아파트 가격도 이제는 접근조차 할 수 없을 정도로 올랐다고 덧붙였다이번 통계는 한국감정원이 실거래 사례 분석과 협력 공인중개사의 자문 기타 참고자료를 활용해 산정했다 매월 첫째주 시세를 기준으로 각 지역 아파트의 평균 가격을 공급 면적별로 나눠서 계산했다정연일 기자  한국경제    무단전재 및 재배포 금지,경제
서울 도심에서 경기 하남시까지 연결되는 지하철 호선 연장 하남선 단계 구간이 이달 개통된다 서울 접근성이 크게 개선되는 하남시 미사강변도시와 구도심인 풍산지구 아파트가 하남선 개통 호재로 강세를 보이고 있다국토교통부는 지하철 호선 종착역인 상일동역에서 하남 미사지구와 풍산동까지 연결되는 하남선 단계상일동역하남 풍산역 구간이 오는 일 첫 운행을 한다고 일 밝혔다하남선 단계 구간은 호선 상일동역에서 미사역을 거쳐 하남 풍산역까지 총 개 정거장 를 오가는 전철 노선이다 년 공사에 나선 지 년개월 만에 개통하는 것이다차량은 량 편성으로 출퇴근 시간에는 분 내외 평시에는 분 간격으로 운행된다 역 정차 시간을 포함한 표정속도는 시속 약 다 하남선 단계 구간 개통으로 상일동역에서 하남 풍산역까지는 분초 만에 갈 수 있게 됐다 천호역과 잠실역에서 환승하면 하남 풍산역에서 강남역까지 분 안에 진입할 수 있다국토부 관계자는 이번 단계 구간 개통으로 서울 도심에 직장을 둔 하남지역 도민들의 출퇴근길이 훨씬 편해질 것이라고 했다국토부는 역사 활성화를 위한 특화시설을 정거장마다 설치했다 하남 중심상권이 있는 미사역에는 자전거 대를 주차할 수 있는 환승센터와 함께 스마트 모빌리티 및 물품을 자유롭게 보관할 수 있는 개의 다목적 보관함을 설치했다 하남 풍산역은 음악공연과 전시회 등 지역 주민의 문화 공간으로 활용할 수 있는 선큰광장을 조성했다업계에서는 미사강변도시와 풍산지구가 하남선 단계 개통의 혜택을 받을 것으로 보고 있다 지난 월 억만원에 거래됐던 미사강변푸르지오 전용 는 최근 억만원에 팔렸다 미사강변도시 인근 중개업소 관계자는 하남선 개통 전부터 매매가격이 오르는 등 기대가 아파트 가격에 반영되고 있다고 말했다윤아영 기자  한국경제    무단전재 및 재배포 금지,경제
월 법인 매도 물량 전달의 두 배연내 법인 매물 쏟아질 듯정부가 법인 소유 주택에 대해 세금을 중과하기로 하면서 세금 폭탄을 피하기 위한 법인 매물이 잇따라 거래되고 있다 절세 목적으로 법인을 세워 아파트를 사들였던 다주택자 물량으로 추정된다 서울보다는 지방에서 법인 매물 거래가 늘었고 서울은 중심지가 아닌 소외지를 중심으로 매도량이 증가한 것으로 나타났다일 한국감정원에 따르면 지난 월 법인이 개인에게 매도한 아파트는 건으로 집계됐다 월건보다  증가한 수치다 월별 매도 물량으로는 년 월건 후 년개월 만의 최대치다법인 매물 거래는 서울보다 경기와 지방이 더 활발했다 서울의 법인 매도량은 월 건에서 월 건으로 조금 늘었다 경기도는 같은 기간 건에서 건으로 두 배 규모로 증가했다 인천도 같은 기간 건에서 건으로 급증했다 부산은 월 건에서 월 건으로 광주는 건에서 건으로 증가했다개발 호재로 단기간 집값이 급등했던 지역의 법인들도 대거 물량 처분에 나섰다 월 방사광가속기 유치라는 호재가 부각된 충북 청주시가 대표적이다 청주는 월 법인 매도량이 건에 불과했지만 월에는 건으로 늘었다 규제 풍선효과로 상반기 집값이 뛴 경기 수원과 화성도 마찬가지다 같은 기간 수원은 건에서 건으로 화성은 건에서 건으로 증가했다법인 물량이 쏟아지면서 최근 집값은 주춤한 모습이다 청주 복대동 신영지웰시티차 전용 는 올초까지 억원 중후반대에 거래되다 월 억만원으로 신고가를 경신했다 하지만  대책 발표 이후 매수세가 꺾이면서 지난달엔 억만원에 실거래됐다법인 소유 주택이 시장에 나오는 이유는 세 부담을 늘린  부동산 대책의 영향이 크다는 분석이다 정부는 투기 수요를 잡기 위한 핵심 방안으로 법인 소유 주택의 세제 강화를 내세웠다 이로 인해 법인은 내년 월부터 종합부동산세 기본공제 억원을 적용받지 못한다또 법인 소유 주택은 공시지가와 관계없이 모두 종부세를 부과하기로 했다 주택 이하 법인은  주택 이상 또는 조정대상지역 내 주택 법인은 세율이 에 이른다예컨대 공시지가 억원짜리 아파트 두 가구를 보유한 법인은 그동안 총 억원 중 억원을 공제받아 나머지 억원에 대한 종부세만 냈다 하지만 내년 월 이후에는 억원의 인 만원을 종부세로 내야 한다 여기에 조정대상지역 내 주택이라면 최고세율 만원를 부담해야 한다법인도 개인처럼 소외지를 우선 매도하는 경향을 보이고 있다 안명숙 우리은행 부동산투자지원센터 부장은 서울 강남지역은 매매가 대비 전셋값 비율전세가율이 낮기 때문에 지방이나 서울 외곽지보다 단기 갭투자 수요가 많지 않았다며 법인도 강남 아파트의 장기 보유 가치가 높다고 판단해 외곽지 물량을 먼저 내놓고 있다고 말했다업계는 연내 법인 소유 매물이 쏟아질 것으로 내다보고 있다 다주택자는 내년 월 일 재산세 세액이 결정되지만 법인세는 연말에 확정되기 때문이다 종부세도 월 부과된다 내년 월부터는 법인이 보유한 주택을 처분할 때 내는 법인세마저 크게 오른다법인을 통한 갭투자 선호지역과 풍선효과로 시세가 급등한 지역에서는 급매물이 나와 조정 장세가 이어질 가능성도 있다 업계 관계자는 법인 소유 아파트가 많은 지역은 단기간 가격이 급등했을 확률이 높기 때문에 투자에 유의해야 한다며 정부가 대규모 공급 대책을 내놓은 만큼 실수요자는 여러 선택지를 비교해볼 수 있다고 말했다심은지 기자  한국경제    무단전재 및 재배포 금지,경제
년 이후 분양한 서울 재건축 아파트는 미분양 없이 완판 행진을 지속한 것으로 나타났다 이달부터 분양가 상한제 시행 등으로 서울에서 재건축 아파트 공급이 줄어 하반기 청약 경쟁이 더 치열해질 전망이다일 부동산 리서치 업체 리얼투데이가 한국감정원 자료를 분석한 결과 년 월부터 지난달까지 공급된 서울 재건축 단지 총 곳일반분양 만가구 모두 순위에서 청약을 마감한 것으로 나타났다청약 경쟁률은 매년 최고 기록을 경신했다 년 총 가구 공급에 만명이 청약통장을 던졌다 청약 평균 경쟁률은  대 을 기록했다 이어 년에는 가구 공급에 만명이 뛰어들어  대 을 기록했다 지난해에는 공급 물량이 가구로 줄었지만 청약자는 만명으로 늘었다 평균 경쟁률이  대 에 달했다올 들어 서울 재건축 단지는 총 다섯 곳에서 가구가 공급됐다 총 만명의 청약자가 몰려 평균 경쟁률이  대 을 기록했다 가장 높은 청약 경쟁률을 기록한 단지는 롯데건설이 지난 월 서초구 잠원동 신반포차를 재건축한 르엘 신반포조감도다 가구 모집에 명이 청약해 평균  대 의 경쟁률을 보였다 이어 월 분양한 서초구 반포동 르엘 신반포 파크애비뉴신반포차와 강서구 화곡동 우장산숲 아이파크가 각각  대   대 을 기록했다부동산업계 관계자는 서울 재건축 아파트는 입지 등 주거 여건이 좋고 분양권 프리미엄도 높게 형성돼 수요가 많은 반면 공급은 매년 줄어들어 희소가치가 높아지고 있다며 분양가 상한제 부활로 재건축 물량 공급이 더욱 감소할 것으로 보여 하반기 재건축 단지에 청약통장이 몰릴 것이라고 내다봤다하반기에는 광진 강남 양천구 등에서 알짜 재건축 단지가 쏟아진다 롯데건설이 광진구 자양동에 공급하는 롯데캐슬 리버파크 시그니처는 오는 일 당해 순위 청약을 받는다 가구전용 가 일반분양 대상이다 대우건설은 일 강남구 대치동에 짓는 대치 푸르지오 써밋 순위 청약을 접수한다 양천구 신월동 신목동 파라곤 서초구 반포동 래미안 원베일리 등도 분양을 서두르고 있다신연수 기자  한국경제    무단전재 및 재배포 금지,경제
김종천 과천시장이 정부가 일 발표한 주택공급 방침에 과천을 제외해 달라는 내용의 성명을 발표하고 있다 과천시 제공 김종천 과천시장이 정부가 일 발표한 주택공급 방침에 과천을 제외해 달라는 내용의 성명을 발표하고 있다 과천시 제공정부가 일 수도권에 만호 주택공급 계획을 발표하면서 정부과천청사 부지 일부와 유휴지를 포함하자 김종천 과천시장이 즉각 철회를 요구하며 반발했다김 시장은 이날 긴급 성명을 통해 강남 집값을 잡기 위해 과천을 주택공급 수단으로만 생각한 것 정부는 서울 등 수도권 지역의 집값 폭등 문제를 결코 과천 시민의 희생으로 해결할 수 없다는 점을 명확히 인식해야 한다는 다소 과격한 표현을 써가며 반발했다김 시장은 이렇게 무리한 부동산 정책은 결국 정부의 신뢰를 떨어뜨리는 일이 될 것이라며 서울권역 등 수도권 주택공급 확대방안 발표에 포함된 정부과천청사 부지와 청사 유휴지 내의 공공주택 공급계획이 과천시와 사전 협의 한번 없이 일방적으로 급작스럽게 발표된 것에 대해 깊은 우려와 실망을 금할 수 없다고 말했다 그러면서 정부의 이번 공공주택 공급계획에 대해 반대하며 해당 계획에서 정부과천청사 등에 대한 계획을 제외해 달라고 했다홍남기 경제부총리는 이날 정부서울청사에서 수도권에 총 만가구 주택공급 계획을 밝히면서 태릉골프장 외 정부과천청사 주변 유휴지 등에도 가구의 주택을 지어 청년과 신혼부부에게 공급한다고 밝혔다정부과천청사 맞은편의 유휴부지는 정부 소유의 땅으로 만 부지가 공원 운동장 주차장으로 쓰이고 있다김 시장은 정부청사 유휴지는 과천시민들이 광장으로 숨 쉴 수 있는 공간이라며 또 향후 지속가능한 미래성장형 자족도시로 발전할 수 있도록 한국형 뉴딜 정책의 핵심인  및 바이오클러스터를 조성해야 한다고 주장했다과천시가 이처럼 강력하게 반발하는 이유는 년까지 해당 부지 일대에 만가구의 아파트가 들어서기 때문이다 정부청사 이전으로 도시의 자족기능이 떨어지는 상황에서 자족기능 확보가 아닌 아파트 가구 추가공급에 발끈하고 있는 것이다김 시장은 정부는 서울 등 수도권 지역의 집값 폭등 문제를 결코 과천 시민의 희생으로 해결할 수 없다는 점을 명확히 인식해야 한다며 정부과천청사 부지 및 청사유휴지는 미래 세대를 위한 자원으로 쓰이도록 해달라고 재차 요구했다한편 과천시는 이번 주택공급 확대 대책과 관련 과천시민 대책위원회를 구성 주택공급 철회를 촉구하는 대정부 투쟁을 예고했다임명수 기자  네이버 채널에서 한국일보를 구독하세요 정치채널 뉴스보야쥬 넷따잡 뷰잉 영상보기 한국일보닷컴 바로가기,경제
기사 섹션 분류 안내기사의 섹션 정보는 해당 언론사의 분류를 따르고 있습니다 언론사는 개별 기사를 개 이상 섹션으로 중복 분류할 수 있습니다닫기,경제
지오영과 쌍방울 사진쌍방울이데일리 김무연 기자 쌍방울은 지오영과 억원 규모의 마스크 공급계약을 체결했다고 일 밝혔다 신 사업으로 삼고 있는 마스크 사업 부문에서 첫 결실을 맺었다는 설명이다이번 계약 규모는 지난해 매출액 억 만원 대비 에 해당되는 금액이다 계약기간은 내년 월 일까지다 계약기간 내 양사는 공동으로 대대적인 유통에 나설 계획이다지난 월 초 마스크 사업에 첫 출사표를 던진 이후 개월이 채 되지 않은 기간에 이룬 쾌거라 더욱 고무적이라는 평가다 쌍방울 그룹은 지난 월 일 익산시 융합섬유연구원 쌍방울 남영비비안 등과 함께 업무협약을 맺고 본격적인 마스크 사업의 시작을 알렸다지오영은 지난 년 설립된 회사로 지난해 조 억원의 매출을 기록했다 올해 초 시행된 정부 공적 마스크 물량의 약 를 공급한 기업이기도 하다지오영의 최대 강점은 국내 약국의 와 직거래를 할 정도로 약국 네트워크가 강하다는 점이다 지오영이 정부의 공적 마스크 제도 도입 시 백제약품과 함께 독점적 지위를 부여 받아 공적 마스크의 공급이 가능했던 이유다 지난 년에 의약업체 단일법인 최초로 조원 매출을 달성한 지오영은 현재 임직원수 여 명 개의 계열사 및 관계사를 보유하고 있다김세호 쌍방울 대표는 이번 계약은 양사가 수개월에 걸쳐 진행한 대화의 결실이라며 지오영과의 계약을 통해 마스크사업도 기분 좋은 출발을 할 수 있게 됐다고 말했다 이어 앞으로 양사는 원활한 유통과 공급을 위해 많은 부분을 공동으로 진행하게 될 것이라며 이외에도 보다 사업이 원활히 진행될 수 있도록 추가적인 협력방안도 논의 중이라고 덧붙였다김무연 종합 경제정보 미디어 이데일리  무단전재  재배포 금지,경제
이노베이션 울산 저소득 아동청소년에 억천만원 지원서울연합뉴스 이노베이션은 일 울산울주군남자중장기청소년쉼터에서 저소득 아동청소년을 지원하는 행복나눔기금 억천만원을 전달했다 왼쪽부터 이노베이션 최형욱 노동조합 사무국장 이노베이션 울산 백부기 대외협력실장 울산울주군남자중장기청소년쉼터 총괄신부 울산사회복지공동모금회 한시준 회장 이노베이션 김재호 노동조합 부위원장 조경자 울산울주군남자중장기청소년쉼터 소장 이노베이션 울산 저소득 아동청소년에 억천만원 지원서울연합뉴스 이노베이션은 일 울산울주군남자중장기청소년쉼터에서 저소득 아동청소년을 지원하는 행복나눔기금 억천만원을 전달했다 왼쪽부터 이노베이션 최형욱 노동조합 사무국장 이노베이션 울산 백부기 대외협력실장 울산울주군남자중장기청소년쉼터 총괄신부 울산사회복지공동모금회 한시준 회장 이노베이션 김재호 노동조합 부위원장 조경자 울산울주군남자중장기청소년쉼터 소장서울연합뉴스 김영신 기자  이노베이션은 핵심 거점인 울산컴플렉스가 울산 지역 저소득학대피해 아동청소년들을 위해 억천만원을 기부했다고 일 밝혔다이노베이션은 울산는 구성원이 급여 를 기부해 조성한 행복나눔기금으로 억천만원을 울산사회복지공동모금회를 통해 저소득학대 피해 아동청소년들에게 전달했다성금은 저소득 예체능 학생들을 위한 교육훈련지원금 학대 피해 아동청소년을 위한 심리치료비와 교육비 등으로 지원될 예정이다이노베이션은 행복나눔기금을 년부터 운영 지난해까지 억천만원을 조성했다 올해는 약 억원이 추가로 모일 예정이다,경제
동영상 뉴스시뉴스 앵커 정부가 신규 택지 발굴 등을 통해 수도권에 만호를 추가 공급하기로 했습니다또 공공 재건축 제도를 도입해 재건축 단지가 주택 등을 기부채납하면 층까지 올리도록 규제를 풀기로 했습니다정부가 오늘 발표한  주택공급 대책을 이학수 기자가 정리했습니다 리포트 정부가 수도권에 신규로 만호 이상을 공급하는 주택 공급 방안을 내놨습니다먼저 태릉골프장과 용산미군 반환부지 중 캠프킴 부지 등을 활용해 수도권 핵심 지역에 만호 이상을 공급하기로 했습니다특히 입지 여건이 좋은 서울 서초구 서울지방조달청 국립외교원과 정부과천청사 부지도 주거공간으로 조성되는데 여기에 짓는 호는 청년신혼부부에게 최대한 공급한다는 계획입니다또 기 신도시 등에 대한 용적률 상향과 복합개발 예정 부지의 고밀화를 통해 만 천호를 공급하기로 했습니다정부는 한국토지주택공사 등 공공기관 참여를 전제로 재건축 단지의 고밀 재건축도 허용하기로 했습니다용적률을 까지 올려주고 층수도 층까지 올리게 하는 대신 늘어난 용적률의 최대 까지는 기부채납하도록 하고 용적률 증가에 따른 기대수익률 기준  이상을 환수하겠다는 겁니다정부는 이를 통해 향후 년간 만호 이상의 추가 공급이 이뤄질 것으로 기대하고 있습니다이밖에 서울 용산 정비창 공급 가구를 천가구에서 만 가구로 확대하는 등 기존에 조성 계획을 발표한 공공택지의 용적률을 올려 만천가구를 추가 공급하기로 했습니다기 신도시 등의 사전청약 물량도 당초 만 가구로 예정됐으나 이를 다시 만 가구로 배로 늘리기로 했습니다정부는 지난 월 발표된 공급물량 만호 등을 합하면 앞으로 수도권에 총 만호의 대규모 주택공급이 추진된다고 밝혔습니다정부는 이번 공급대책 발표가 개발호재로 인식돼 시장 불안요인으로 작용할 가능성도 있다며 시장 교란행위는 발본색원할 것이라고 밝혔습니다홍남기 부총리는 특히 재건축으로 인한 인근 주택 가격상승 방지를 위해 필요하면 토지거래 허가구역 지정 관계부처 합동 실가격 조사 등을 벌일 것이라고 덧붙였습니다뉴스 이학수입니다이학수 기자저작권자   무단복제재배포 금지       ,경제
코스피지수가 전 거래일 포인트 오른 에 장을 마감한 일 오후 서울 중구 하나은행 딜링룸에서 한 직원이 미소를 짓고 있다 뉴시스 코스피지수가 전 거래일 포인트 오른 에 장을 마감한 일 오후 서울 중구 하나은행 딜링룸에서 한 직원이 미소를 짓고 있다 뉴시스폭락 개월 만에 연고점 돌파코로나 극복 괴력 중국 이어 위도 넘을까 단기 조정 올 수도코스피가 일 마침내 올해 신종 코로나바이러스 감염증코로나 사태 이전 기록했던 연중 최고점을 돌파하며 어느새 선을 넘보게 됐다 최근 거래일간 조원 이상을 순매수한 동학개미들의 분투가 이날도 대 지수 상승을 이끌었다이날 코스피는 전날보다 포인트 오른 에 거래를 마감했다 지난달 일 선 돌파에 이어 지난 일 선까지 넘어선 코스피는 최근 외국인 자금 유입세 등으로 상승세를 타더니 이날 드디어 지난 월 일 기록했던 연고점을 경신했다 코로나 사태로 인한 폭락장에서 월 일까지 추락한 지 약 개월 만이다이날 연고점 경신의 일등공신은 개인투자자였다 동학개미들은 이날 억원어치를 포함 최근 거래일 동안 코스피에서 조억원어치 주식을 사들이며 지수 상승을 견인했다앞서 심리적 저항선으로 여겨지던 선 안착을 이끈 건 외국인이었다 외국인은 코스피가 선에 정착한 지난달 일부터 이날까지 조억원어치를 순매수하며 추가 상승을 도왔다 지난 월 한달 새 코스피에서만 조억원어치를 순매도하며 국내 증시를 빠져나갔던 것과 대조적이다 지난달조억원 외국인이 순매수로 전환한 건 지난 월억원 이후 개월 만이었다주요국 증시와 비교해도 코스피의 회복세는 가파르다 올해 연고점을 일찌감치 돌파한 중국을 제외하면 세계 주요 증시 가운데 가장 빠른 상승세다미국 다우존스 산업평균지수는 코로나 직전 연고점만 대비 약  가량 지수를 회복했다 일본 닛케이지수의 경우엔 약  홍콩 항셍지수는 연고점 대비  가량 회복세가 진행 중이다이는 최근 환율이 달러당 원을 밑도는 달러 약세원화 강세에 따라 한국을 포함한 신흥국으로 외국인 자금이 유입된 영향이 크다 여기에 코로나 진정세가 상대적으로 빠른 덕분에 커진 경기회복 기대감도 꼽을 수 있다올해 분기 국내 경제가 전기 대비 의 역성장을 기록했지만 이는 개 경제협력개발기구 국가 중 중국 다음으로 선방한 결과다 이재선 하나금융투자 연구원은 코로나가 가장 먼저 진압된 중국 경제를 선행지표로 삼는다면 분기는 분기 대비 경기 반등 가능성이 높은 상황이라고 분석했다다만 한편에선 여전히 부진한 실물경제와 끝이 보이지 않는 코로나에 증시가 이미 과열 상태라는 의견도 있다 넘치는 유동성으로 쉬는 구간 없이 올라왔지만 상승 피로감에 곧 조정을 맞을 수 있다는 것이다이경민 대신증권 연구원은 이날 보고서에서 단기 과열 부담이 가중된 상황에서 하반기 펀더멘털기초체력에 대한 불안심리가 여전한 건 사실이라며 월은 단기 조정 가능성을 열어둘 필요가 있다고 진단했다 그는 다만 유동성에 펀더멘털 동력이 가세하며 중장기적으로 상승추세가 견고해질 것이라고 내다봤다조아름 기자  네이버 채널에서 한국일보를 구독하세요 정치채널 뉴스보야쥬 넷따잡 뷰잉 영상보기 한국일보닷컴 바로가기,경제
그룹이 바이오팜에 이어 팜테코 상장을 추진하며 바이오 사업에 속도를 내고 있다 아이뉴스 그룹이 바이오팜에 이어 팜테코 상장을 추진하며 바이오 사업에 속도를 내고 있다 아이뉴스아이뉴스 강길홍 기자 그룹이 바이오팜을 성공적으로 상장시킨데 이어 팜테코 상장을 통해 연타석 홈런에 도전하다그룹의 바이오 사업은 신약 개발을 담당하는 바이오팜과 원료의약품 생산법인인 팜테코가 쌍벽을 이룬다일 관련 업계에 따르면 는 바이오팜에 이어 또다른 자회사의 상장을 준비 중인 것으로 전해졌다 그동안 의 자회사 가운데  후보로 거론된 회사는 실트론   팜테코 등이다 이 가운데 회사 측이 공식적으로 상장을 언급한 팜테코의 추진 속도가 가장 빠를 것으로 예상된다그룹 바이오사업의 한 축을 담당하는 바이오텍은 년 글로벌 제약사 의 아일랜드 생산시설 인수에 이어 년 미국 앰팩을 인수한 바 있다 지난해 는 바이오텍 산하에 있던 아일랜드와 미국 법인 지분 를 취득했다 이후 팜테코를 설립해  개 회사를 통합했다 판매와 마케팅 등 중복 업무를 줄이고 효율성을 높이겠다는 전략이었다팜테코로  법인을 통합한 것은 향후 상장을 염두에 둔 조치로도 이해됐다 바이오팜 역시 상장에 앞서 자회사였던 바이오텍 지분 를  넘긴 바 있다 바이오팜은 바이오텍을 떼어낸 뒤 신약개발에 대한 기업가치만 오롯이 인정받을 수 있었다 법인 개를 통합한 팜테코의 현재 시장 가치는 조원 규모로 추산된다 상장 당시 몸값을 조원 수준으로 책정한 바이오팜에는 못 미치지만 성장 가능성은 그 이상이라는 평가다특히 는 팜테코를 세계 최대 규모의 로 키우겠다는 목표를 여러 차례 밝혀왔다 팜테코가 확보한 원료의약품 생산 능력은 한국 만리터 아일랜드 만리터 미국 만리터 등 총 만리터를 넘어섰다 이같은 생산능력은 세계 위권 수준이다는 향후  등을 통해 생산능력을 만리터까지 확대하고 글로벌 톱 수준으로 올라선다는 계획이다 를 통해 덩치를 키우면 몸값은 그 이상으로 불어날 것으로 전망된다 국내 대표 인 삼성바이오로직스와 셀트리온의 시가총액은 조원을 넘어선 상황이다다만 팜테코가 미국 새크라멘토에 설립된 만큼 미국 증시에 상장할 가능성도 높다 는 팜테코 설립 당시에도 미국 내 상장을 언급한 바 있다팜테코가 최근 미국 정부의 필수 의약품 확보 사업 공급자로 선정된 것도 미국 내 상장 가능성을 높이는 요인이다 가 미국 정부 원료의약품 공급자로 선정된 것도 앰팩이 당초 미국 회사였기 때문에 가능한 성과로 풀이된다앰팩은 미국 필수 의약품 관련 비영리법인인 플로우가 주도하는 컨소시엄에 참여했다 컨소시엄은 코로나 시기에 발생하는 의약품 부족 현상에 대처하기 위해 만들어졌다 앰팩은 미국 유명 제약사들과 우호적인 관계를 지속해오고 있는 것으로 알려졌다 관계자는 실트론이나   등은 공식적으로 상장을 언급한 적이 없고 팜테코는 출범 때부터 상장 계획을 밝혔었다면서 바이오팜의 상장이 마무리된 만큼 또 다른 회사들의 상장도 추진해야겠지만 구체적으로 확정된 계획은 없다고 말했다 아이뉴스 무단전재 및 재배포 금지,경제
 스타셀렉션 펀드는 가치투자 철학으로 운용되는 펀드다 가치주 펀드라고 하면 최근 수익률이 부진한 경우가 많지만 이 펀드는 최근 개월이나 년 성과를 보더라도 국내 주식형 펀드 중에서 상위 에 계속 들 정도로 우수한 수익률을 자랑한다 단순히 밸류에이션이나 자산 배당에 집중하는 가치투자가 아니라 성장과 저평가에 초점을 맞춘 펀드기 때문이다이 펀드는 가치투자 명가로 유명한 자산운용의 자문을 받아서 운용한다 박성재 자산운용 팀장은 탐방과 리서치를 통해 성장가치주를 발굴하는 데 탁월한 능력을 보였다박 팀장의 운용 전략은 일종의 피터 린치 전략이다 저평가 종목에 대한 보텀업 업종 또는 산업보다 개별 종목 발굴에 우선순위를 두는 투자 접근 방식을 통해 향후 한국에서도 산업 리더가 될 수 있는 종목을 발굴해 장기 투자하는 전략이고 그동안 비중을 늘린 전기차 관련주 반도체 소재  관련주가 특히 펀드수익률 상승을 이끌었다 사모펀드로 인기가 높은 투자운용의 자문을 받는다는 점도 매력 포인트다 스타셀렉션 펀드는 투자 기업의 펀더멘털 변화와 종목별 투자 매력도를 주기적으로 모니터링하고 이를 반영해 포트폴리오 조정과 리밸런싱을 한다 다만 최초 편입 이유가 됐던 펀더멘털에 중대한 변화가 있는 경우나 적정 주가 수준을 넘어서 고평가된 경우라면 매도해서 수익을 실현한다 기업의 절대가치가 반영될 때까지 장기 보유하기는 하지만 단기 주가 변동 시 수익 실현을 한다  단순한 바이앤드홀드   전략이 아니라 시장 상황에 탄력적으로 대응하는 가치주 펀드인 셈이다투자수익률을 보면 상승장이나 횡보장 하락장 모두에서 우수한 성과를 냈음을 확인할 수 있다 최근 개월 수익률은 이며 개월 수익률은 로 같은 기간 국내 일반 주식형 펀드 벤치마크를 훨씬 넘는 성과다 장기 성과도 탁월하다 년간 코스피가  하락할 동안  스타셀렉션 펀드의 수익률은 였다펀드수수료는 클래스는 총보수 이며 선취수수료가 있는 클래스는 총보수가 다김제림 기자 매일경제   무단전재 및 재배포 금지,경제
장마가 시작된 지난 월 일 서울 세종대로 인근에서 시민들이 우산을 쓴 채 횡단보도를 건너고 있다 장마가 시작된 지난 월 일 서울 세종대로 인근에서 시민들이 우산을 쓴 채 횡단보도를 건너고 있다올해 중부지방을 강타한 장마가 역대 최장으로 기록될 가능성이 커지고 있다 시베리아 고온 현상 아시아 호우처럼 이번 장마도 이상 기후라는 게 기상청의 설명이다기상청은 오는 일 이후까지 중부지방에 비가 이어질 전망이라고 일 예보했다 따라서 중부지방의 역대 최장 장마 기록이 올해 경신될 가능성이 농후하다 지난 월 일 시작된 후 일 현재까지 일째 지속되고 있다 전국 기상 관측을 시작한 년 이래 중부지방 장마가 가장 오래 이어진 해는 년으로 일간 지속됐다제주도에선 이미 지난달 일까지 장마가 일간 계속되며 최장 기록이 바뀌었다 종전 기록은 일 동안 비가 내린 년이었다기상청은 올해 장마 외에도 최근 년간 한국 날씨가 폭염 잦은 태풍 겨울철 이상고온 등 극단적 양상을 보였다고 밝혔다 년 여름에는 최악의 폭염이 찾아왔다 서울 최고기온은 도로 기상관측을 시작한 년 이후 가장 높았다 강원도 홍천은 도로 아예 전국 역대 최고기온을 갈아치웠다 그해 여름 전국 폭염일수는 일 전국 열대야일수는 일에 달했다 둘 모두 평년 기록의 세 배 넘는 수치였다 기상청은 당시 더위의 원인으로 이례적으로 강했던 티벳 고기압과 북태평양 고기압을 지목했다이듬해 여름엔 태풍이 기승을 부렸다 월 초까지 총 개의 태풍 중 개가 한반도에 영향을 미쳤다 년 근대 기상업무 시작 이후 가장 많은 수였다 기상청은 고온다습한 북태평양고기압이 월까지 지속된 게 원인이라고 분석했다지난 겨울엔 이상고온 현상이 발생했다 겨울철 전국 평균기온이 도로 년 이후 가장 따뜻했다 최고기온과 최저기온 역시 각각 영상 도와 영하 도로 가장 높았다 특히 지난 월엔 따뜻한 남풍의 영향으로 년 이후 한파 일수가 가장 적었다역대급으로 높았던 기온은 월 들어 갑작스레 널뛰었다 월 평균 기온은 도로 역대 다섯 번째로 낮았다 기상청은 월까지 북극에 갇혀있던 찬 공기가 월 들어 유입된 탓으로 풀이했다송경모 기자    국민일보  무단전재 및 재배포금지,사회
서울뉴스 구윤성 기자  정부가 수도권에 만가구의 신규 주택을 공급한다 서울 노원구 태릉골프장 용산구 미군 캠프킴부지 서초구 서울지방조달청 마포구 상암 과천 정부청사 등이 부지 대상이다 서울 강남 재건축단지에 대한 용적률은 까지 상향해 층에 묶여 있던 규제를 해제하기로 했다 정부는 일 정부서울청사에서 홍남기 부총리 겸 기재부 장관 주재로 주택공급확대  회의를 열고 이같은 내용의 서울권역 등 수도권에 대한 주택공급 확대방안을 논의한 뒤 최종 발표했다 사진은 이날 경기 구리시 갈매더샵나인힐스 아파트에서 바라본 서울 노원구 태릉골프장 일대 뉴스 서울뉴스 구윤성 기자  정부가 수도권에 만가구의 신규 주택을 공급한다 서울 노원구 태릉골프장 용산구 미군 캠프킴부지 서초구 서울지방조달청 마포구 상암 과천 정부청사 등이 부지 대상이다 서울 강남 재건축단지에 대한 용적률은 까지 상향해 층에 묶여 있던 규제를 해제하기로 했다 정부는 일 정부서울청사에서 홍남기 부총리 겸 기재부 장관 주재로 주택공급확대  회의를 열고 이같은 내용의 서울권역 등 수도권에 대한 주택공급 확대방안을 논의한 뒤 최종 발표했다 사진은 이날 경기 구리시 갈매더샵나인힐스 아파트에서 바라본 서울 노원구 태릉골프장 일대 뉴스서울뉴스 구윤성 기자  정부가 수도권에 만가구의 신규 주택을 공급한다 서울 노원구 태릉골프장 용산구 미군 캠프킴부지 서초구 서울지방조달청 마포구 상암 과천 정부청사 등이 부지 대상이다 서울 강남 재건축단지에 대한 용적률은 까지 상향해 층에 묶여 있던 규제를 해제하기로 했다 정부는 일 정부서울청사에서 홍남기 부총리 겸 기재부 장관 주재로 주택공급확대  회의를 열고 이같은 내용의 서울권역 등 수도권에 대한 주택공급 확대방안을 논의한 뒤 최종 발표했다 사진은 이날 경기 구리시 갈매더샵나인힐스 아파트에서 바라본 서울 노원구 태릉골프장 일대 뉴스 서울뉴스 구윤성 기자  정부가 수도권에 만가구의 신규 주택을 공급한다 서울 노원구 태릉골프장 용산구 미군 캠프킴부지 서초구 서울지방조달청 마포구 상암 과천 정부청사 등이 부지 대상이다 서울 강남 재건축단지에 대한 용적률은 까지 상향해 층에 묶여 있던 규제를 해제하기로 했다 정부는 일 정부서울청사에서 홍남기 부총리 겸 기재부 장관 주재로 주택공급확대  회의를 열고 이같은 내용의 서울권역 등 수도권에 대한 주택공급 확대방안을 논의한 뒤 최종 발표했다 사진은 이날 경기 구리시 갈매더샵나인힐스 아파트에서 바라본 서울 노원구 태릉골프장 일대 뉴스더불어민주당 소속인 김종천 과천시장은 일 정부가 과천 정부청사부지에 공공주택을 공급하겠다고 발표한 것과 관련해 과천시와 과천시민은 어떻게 되든 상관없다 식의 정책이라 하지 않을 수 없다고 비판했다김 시장은 이날 페이스북을 통해 정부가 부동산 문제로 어려움을 겪고 있는 것을 알고 있고 저도 부동산 문제가 잘 해결되어야 한다고 생각한다면서 이 같이 밝혔다김 시장은 과천시민 누구도 납득할 수 없고 동의할 수 없는 정책이라며 특히 절차적 정당성을 중하게 생각하는 현 정부가 시민들의 생활환경과 과천의 미래에 대하여 지대한 영향을 미치는 사업에 관해 과천시와 사전에 아무런 협의 없이 발표 전날 일방적으로 통보하는 식으로 이번 정책을 결정한 것은 정말 실망스럽고 분노를 금할 수 없는 일이라고 비판했다그러면서 저는 과천시민 여러분들과 힘을 모아 가능한 모든 방법을 다해 정부가 정책을 철회하도록 하겠다고 했다김 시장은 성명서를 통해서도 과천시는 정부의 부동산 정책에 최대한 협조하고 있다면서 과천시와 사전 협의 한번 없이 일방적으로 급작스럽게 발표된 것에 대해 저와 과천시민은 깊은 우려와 실망을 금할 수 없다 고 밝혔다이어 과천시는 정부청사가 들어오면서 만들어진 행정도시었으나 행정부가 세종시로 이전하면서 과천에 대한 보완 대책이 전혀 만들어지지 않아 상실감이 컸다며 중앙정부는 년 정부청사이전 이후 과천시에 보상이나 자족 기능 확보를 위한 어떠한 대책도 내놓지 않았다고 지적했다그러면서 지역공동화 방지 및 상권 활성화를 위해 과천시에서 지속 건의한 과천지원특별법 제정 청사유휴지 개발 등을 외면하고 묵살해왔다며 그런데 이곳에 과천의 미래를 위한 사업이 아니라 주택을 공급하겠다는 것은 과천시와 과천시민을 전혀 배려하지 않은 것이라고 비판했다아울러 대통령님께서는 도시의 무질서한 확산방지 도시주변 자연환경 보전 도시민의 건전한 생활환경 확보를 위해 개발제한구역을 보전하기로 했다며 정부과천청사 부지에 주택을 공급하는 것은 이러한 대통령님의 정책적 고려에 정면으로 반하는 것으로 과천시민들의 생활환경 보호라는 측면에서 최악의 청사개발 방안이라고 지적했다또 김 시장은 정부과천청사 유휴지는 광장으로서 과천시민들이 숨쉴 수 있는 유일한 공간이라며 정부과천청사 부지 및 청사 유휴지에 또다시 여 호의 대규모 공공주택을 공급하는 것은 과천시민과 과천시에 감당할 수 없는 고통을 주는 것이라고 말했다그러면서 저와 과천시민은 정부의 주택공급 계획에서 정부과천청사부지 및 청사 유휴지를 제외하여 줄 것을 강력히 요구한다며 정부과천청사 부지에 주택을 공급하겠다는 발상은 과천시의 도시발전이라는 측면에서 계획되는 것이 아니라 강남 집값을 잡기 위해 과천을 주택공급 수단으로만 생각하는 것이라고 꼬집었다정봉오 동아닷컴 기자  동아일보   무단 전재 및 재배포 금지,사회
허필홍 홍천군수  허필홍 홍천군수 홍천뉴스 박하림 기자  강원 홍천군은 재난기본소득 총 지급률 를 기록했다고 일 밝혔다군은 재난기본소득 미신청자를 대상으로 한 추가지급 접수를 지난달 일 마감했다차 지급 인원은 만명으로 지급액 억만원이며 차 명 억만원 등 모두 만명에게 억만원을 지급했다앞서 월일월일 진행됐던 재난기본소득 접수 기간에 신청을 못 한 주민을 위해 월 한 달간 추가 신청을 받아 회에 걸쳐 홍천사랑상품권으로 지급했다허필홍 홍천군수는 재난기본소득 지급과 홍천사랑상품권의 활발한 유통으로 신종 코로나바이러스 감염증코로나으로 침체한 지역 경기가 살아나고 있다며 앞으로도 지역경제 활성화를 위한 시책들을 지속해서 시행해 나가겠다고 말했다 뉴스코리아   무단 전재 및 재배포 금지,사회
추미애 법무부 장관사진 왼쪽과 윤석열 검찰총장이 상견례를 위해 일 오후 경기 정부과천청사 법무부에 각각 들어서고 있다  사진과천경기이기범 기자  추미애 법무부 장관사진 왼쪽과 윤석열 검찰총장이 상견례를 위해 일 오후 경기 정부과천청사 법무부에 각각 들어서고 있다  사진과천경기이기범 기자 추미애 법무부 장관이 일 오후 서울 여의도 국회에서 열린 본회의에 참석해 의원들을 바라보고 있다  사진김휘선 기자  추미애 법무부 장관이 일 오후 서울 여의도 국회에서 열린 본회의에 참석해 의원들을 바라보고 있다  사진김휘선 기자 윤석열 검찰총장이 일 대검찰청에서 열린 신임검사 신고식에서 발언하고 있다  사진제공대검찰청 윤석열 검찰총장이 일 대검찰청에서 열린 신임검사 신고식에서 발언하고 있다  사진제공대검찰청머니투데이 김태은 기자법치를 정치의 영역으로 끌어들이는 일만큼은 제발 없었으면 좋겠다검찰총장의 수사지휘권 폐지를 권고한 법무부 산하 법무검찰개혁위원회검찰개혁위의 개혁안을 두고 추미애 법무부 장관이 불수용해야 한다고 검찰 내부통신망에 올라온 김남수 서울중앙지검 검사의 글에 이같은 댓글이 달렸다 검찰개혁이란 명목 하에 끝나지 않는 검찰 힘빼기 작업에 이어 급기야 검찰총장의 수사지휘권을 박탈한 초유의 사태가 벌어지고 검사장에 대한 수사 과정에서 폭행 논란까지 빚어진 최근 검찰 조직이 누더기가 되고 있다는 개탄의 목소리다검찰 조직에 대한 우려와는 달리 검찰을 책임지고 있는 법무부 장관과 검찰총장은 정치의 영역에 나란히 들어와있다 정치인 출신 추미애 법무부 장관은 취임 이후 줄곧 강성 발언으로 검찰개혁에 드라이브를 걸으며 차기 대권주자로서의 존재감을 부각시키고 있고 윤석열 검찰총장은 조국 수사 이후 현 정권과 각을 세우며 야권의 유력 대선주자가 되는 이례적인 상황을 만들었다추 장관과 윤 총장 모두 정치 행보와 상관없이 원칙을 지키는 것이라고 해명하지만 결과적으로는 검찰이 추락하는 가운데 두 수장들의 정치적 입지만 강화되고 있는 것이 아니냐는 지적이 나온다 검찰 내부에서 장관과 총장 둘 다 싫다는 목소리까지 나오는 배경이다일 여론조사 업체인 리얼미터에 따르면 차기 대권주자 선호도 조사 결과 윤 총장은 로 이낙연 의원 이재명 경기지사에 이어 위에 올랐다 윤 총장의 선호도는 전달보다 포인트 상승한 수치다 이날 조사에는 추 장관도 를 얻어 위를 기록했다 추 장관이 대선주자 선호도에서 위권 안에 든 것은 처음이다정치권과 법조계에선 추 장관이 청와대와 여권의 윤석열 때리기에 깃발을 들고 앞장서는 모양새를 보이면서 친문친문재인 지지자들로부터 지지세를 얻은 것이라는 평가가 나온다추 장관은 그동안 검찰 인사 조직 개편 감찰 등을 통해 윤 총장의 조직내 영향을 약화시켜왔다 지난 월 더불어민주당 싱크탱크인 민주연구원 개최 초선의원 혁신 포럼에서는 윤 총장에 대해 제 지시의 절반을 잘라 먹고 틀린 지휘를 했다 장관 말을 들으면 좋게 지나갈 일을 지휘랍시고 꼬이게 만들었다고 직접 꾸짖기도 했다수사 영역에 대한 개입도 이전 법무부 장관들의 사례에 비춰볼때 이례적이라는 평가다 윤 총장의 최측근 인사인 한동훈 검사장이 연루된 검언유착 의혹 수사에 대해선 유착 관계를 예단하는 듯한 발언을 하는가 하면 수사지휘권을 발휘해 윤 총장의 손발을 묶기도 했다한 여권 관계자는 내부적으로 수사지휘권 발동 사태가 여권 대권주자로 자리매김하는 데 도움이 됐다고 자평하고 있는 것으로 안다며 친문 지지자들로부터 호평을 받는 추 장관이 향후 유리한 고지에 설 수 있다고 보고 있는 것 같다고 전했다검찰 이슈에 대해 말을 아끼지 않았던 추 장관이 서울중앙지검의 한 검사장 수사 논란에 대해선 입을 다물고 있는 것도 정치적 유불리 판단이 서지 않았기 때문이라는 관측이 나온다 대검 지휘를 벗어난 서울중앙지검의 수사를 전폭 지원했던 추 장관으로선 수사 결과에 대한 책임도 함께 져야 하는 상황이기 때문이다추 장관은 최근 부동산 이슈와 관련해서도 적극적인 발언을 내놓는 등 법무부 장관을 뛰어넘는 존재감을 보이고 있다윤 총장은 검언유착 의혹 수사에 대한 추 장관의 수사지휘를 수용한 이후 극도로 말을 아껴오다 전날 현 정부에 대한 강도높은 비판으로 파장을 일으키고 있다 윤 총장은 신임검사 신고식에서 민주주의라는 허울을 쓰고 있는 독재와 전체주의를 배격해야 한다며 진짜 민주주의를 가슴깊이 새겨야 한다고 했다 현 정부를 향한 듯한 작심 발언으로 사실상 검찰총장의 옷을 벗고 정치인의 옷을 입겠다는 의지를 내비친 것이라는 해석까지 나온다윤 총장 측에선 독재나 전체주의 같은 단어가 주는 어감 때문에 정치적 의미를 부여하려는 해석이 나오는 것이지 검사가 검사답게 할 일을 해야 한다는 원칙론에서 크게 벗어나는 발언이 아니다고 설명했다검찰 인사와 한 검사장의 기소 여부 결정 등을 앞둔 민감한 시기에 윤 총장이 의도적으로 현 정권에 반기를 드는 듯한 모습을 보이는 것이란 관측도 있다 일각에선 윤 총장이 그동안 여권의 압박에도 버텨왔던 임기 완수 의지를 조금씩 내려놓고 있는 게 아니냐는 견해도 나온다 윤 총장 측에서도 자리에 연연하지 않는다는 이야기가 서서히 나오고 있다윤 총장은 추 장관이나 정부로부터 공격받고 궁지에 몰릴 때마다 대선주자 선호 지지율이 급등하는 역설적 상황이 연출되곤 했다 살아있는 권력에 대한 수사를 굽히지 않은데 대해 야권 지지자들을 중심으로 호응이 적지 않다는 얘기다그러나 동시에 검찰 내에선 윤 총장이 정부와 각을 세우는 것이 검찰 조직을 위해 어떤 도움이 되느냐며 불만 섞인 목소리도 나온다윤 총장이 논란을 만들 때마다 법 수호자로서는 지지를 받지만 검찰 이슈에 관해서는 여권이나 추 장관 쪽에 명분을 주게돼 결국 검찰 조직과 그 주변인들이 피해를 입는 것 아니냐는 냉소적인 반응이다한 평검사는 서로 다른 의견을 제시하면서 대립한 이후에는 협의가 진행돼야 하지만 그렇지 못하다면서 윤 총장의 이번 발언의 후폭풍으로 검찰이 또 어떠한 것을 잃을지 걱정되는 건 사실이라 전했다김태은 기자 ,사회
아시아경제 호남취재본부 조한규 기자 전남 장성군은 일 한국농어촌공사 전남지역본부와 업무 협약을 체결했다고 밝혔다이날 협약으로 두 기관은 장성군의 지역개발 및 농촌 활성화 계획 등의 마스터플랜 지역 역량 강화 농업 생산 기반시설 운영 지역 농업 활성화를 위한 도농 상생사업 등의 사항을 상호 협력하게 된다특히 푸드플랜 구축의 핵심 사업이라 할 수 있는 광주권 로컬푸드 직매장 사업을 성공적으로 동반 추진할 계획이다한국농어촌공사가 부지제공 등을 협력하고 장성군은 먹거리 생산기반 조성과 푸드플랜 사업을 적극적으로 협업해나갈 방침이다유두석 장성군수는 농업인의 삶의 질 향상과 로컬푸드 활성화 나아가 장성의 미래 먹거리 마련을 위한 중요한 협약이라면서 장성군 농정 발전의 전환점이 될 것으로 기대한다고 밝혔다이어서 농촌의 사회적 가치를 실현하는 우수협력모델로 자리매김할 수 있도록 최선을 다하겠다고 말했다한편 장성군은 지난 년 한국농어촌공사의 협조 속에 공사 소유 부지인 장성호에 수변길을 조성했다이어 년에는 옐로우출렁다리를 지난 월에는 황금빛출렁다리를 각각 개통했다현재 장성호 수변길은 토일요일 평균 만 명의 발길이 이어지며 장성의 대표 관광 명소로 자리 잡았다군은 지난 일부터 상품권 교환제와 수변길마켓 운영을 시작해 장성호의 관광 수요를 지역 상권 회복 및 농업인 소득 안정과 연계시키고 있다호남취재본부 조한규 기자 ,사회
폭우에 물에 잠긴 천안시 도로연합뉴스 자료 사진 폭우에 물에 잠긴 천안시 도로연합뉴스 자료 사진폭우로 일부 도로 잠겨천안연합뉴스 김준범 기자  일 오후 충남 천안시 수신면 장산리 한 도로가 침수돼 소방대원들이 고무보트로 마을 주민 등을 구출하고 있다 이날 폭우로 병천천 둑 일부가 무너지며 하천물이 마을로 통하는 길을 막았다     폭우로 일부 도로 잠겨천안연합뉴스 김준범 기자  일 오후 충남 천안시 수신면 장산리 한 도로가 침수돼 소방대원들이 고무보트로 마을 주민 등을 구출하고 있다 이날 폭우로 병천천 둑 일부가 무너지며 하천물이 마을로 통하는 길을 막았다    마을 덮친 산사태아산연합뉴스 김준범 기자  일 오후 충남 아산시 송악면 유곡리 한 마을 주택 마당과 도로가 산사태로 휩쓸려 내려온 나무와 토사로 뒤덮여 있다 이날 발생한 산사태 영향으로 마을 주민 명이 인근 하천에 빠져 소방당국에 수색에 나섰다   마을 덮친 산사태아산연합뉴스 김준범 기자  일 오후 충남 아산시 송악면 유곡리 한 마을 주택 마당과 도로가 산사태로 휩쓸려 내려온 나무와 토사로 뒤덮여 있다 이날 발생한 산사태 영향으로 마을 주민 명이 인근 하천에 빠져 소방당국에 수색에 나섰다  집중호우로 침수된 당진 도로당진연합뉴스 일 충남 당진지역에 내린 집중 호우로 수청동 당진터미널 앞 도로가 물에 잠겨 있다  당진시 제공 재판매 및  금지  집중호우로 침수된 당진 도로당진연합뉴스 일 충남 당진지역에 내린 집중 호우로 수청동 당진터미널 앞 도로가 물에 잠겨 있다  당진시 제공 재판매 및  금지 천안아산예산연합뉴스 이은중 양영석 이재림 기자  물폭탄을 방불케하는 폭우를 쏟아낸 먹구름이 걷힌 일 충남 북부권 곳곳에서는 수해에 시름 하는 주민 한숨이 종일 이어졌다주저앉은 비닐하우스 속에서 자식 같은 다 익은 수박이 흙탕물을 뒤집어쓴 채 나뒹구는 모습에 탄식했고 년 전 보수한 둑이 다시 무너진 상황에 분통을 터뜨리기도 했다토사에 휩쓸리면서 하천에 빠져 실종된 주민 명 수색은 돌무더기를 하나 하나 걷어내며 힘겹게 진행됐다충남도 등에 따르면 전날 시부터 천안과 예산에는  넘는 비가 내리는 등 북부지역에 강우가 집중됐다아산에는 시간당 의 장대비가 쏟아졌다집중호우로 주택 가구와 상가 곳이 침수됐다 차량 대도 갑자기 불어난 물에 잠겼다피해가 특히 컸던 천안아산에서만 주민 명이 대피했고 도내 개 시군 농경지 천가 침수됐다도는 구호품 세트와 매트리스 개 담요 장 텐트 개를 긴급 지원하는 한편 파손됐던 도로와 하천 제방 등 공공시설 곳을 보수했다범람 위기에 놓였던 천안병천곡교온양천 등 하천 수위가 낮아지면서 임시대피 시설에서 고된 밤을 보낸 대피자들이 귀가해 집 안팎을 쓸고 닦았다아산 송악면에서 산사태로 떠밀려 온 토사에 휩쓸린 대 주민 명의 수색작업도 진행 중이다군경찰시 등 유관기관 인력 여명은 한낮 기온이 도 가까이 오르는 폭염 속에 실종 지점 주변에 쌓인 돌무더기를 일일이 제거하며 수색에 안간힘을 썼다헬기 보트 드론 등 장비도 동원했다앞서 탕정면에서 맨홀에 빠졌던 남성은 숨진 채 발견됐다둑 곳이 폭  넓이로 무너진 천안시 수신면 장산리 병천천 일대에서는 안이근장산리 이장씨가 년 전 폭우에 터진 둑이 이번에 또 터졌다며 울분을 쏟아냈다비닐하우스 동에서 멜론을 키우는 그는 월말에 멜론을 출하할 수 있었는데 물이 하우스 지붕까지 차올라 모두 못쓰게 됐다고 안타까워했다이 마을 곳곳 비닐하우스에는 지붕 꼭대기까지 황토색 토사가 남아 있었고 외양간 소는 아직 남은 물웅덩이를 피해 옹기종기 모여 있었다벌써 썩기 시작해 시큼한 냄새까지 진동하는 예산 수박 농가에는 줄기에 탐스럽게 달려 있어야 할 수박들이 흙탕물을 뒤집어 쓴 채 바닥에 나뒹굴었다한 주민은 이 일대에서만 수박 비닐하우스 여 동이 물에 잠겼다고 말했다사정은 도심도 마찬가지여서 물이 완전히 빠지지 않은 지하차도에서는 양수기 소음이 끊이지 않았다당진시에서도 침수로 진흙과 부유물이 쌓인 곳에서 청소 인력들이 구슬땀을 흘렸다명의 주민이 경로당과 초등학교 등지로 임시 대피했던 세종시에서도 피해 복구가 이어졌다시는 침하했던 소정면 대곡리 마을 진입도로와 가량 유실된 대곡리 맹곡천 제방을 보수하는 한편 미호천 금강 보행교에 걸린  유류 운반차를 밖으로 빼낼 방침이다먹구름은 다시 몰려오고 있다기상청은 중국 산둥반도 인근에서 서해상으로 길게 형성된 또 다른 구름대가 중부 지역에 영향을 주면서 시간당 의 비가 더 내릴 것으로 예보했다일까지 충남 북부에  많으면  이상 비가 올 전망이다,사회
서울뉴시스일 질병관리본부 중앙방역대책본부에 따르면 이날 낮 시 기준 강남구 할리스커피 선릉역점과 서초구 양재동 양재족발보쌈 관련 확진자가 명 늘었다 누적 확진자는 총 명이다 그래픽전진우 기자  서울뉴시스일 질병관리본부 중앙방역대책본부에 따르면 이날 낮 시 기준 강남구 할리스커피 선릉역점과 서초구 양재동 양재족발보쌈 관련 확진자가 명 늘었다 누적 확진자는 총 명이다 그래픽전진우 기자 세종뉴시스 임재희 기자  서울 강남 커피전문점에서의 회의로부터 시작된 신종 코로나바이러스 감염증코로나 감염이 직장과 양재동 식당을 거쳐 또다른 식당 손님 일가족 등으로 확산하는 모양새다 방역당국이 집단감염이 확인되기 전에 이미 차 전파가 진행되고 있었다강원 홍천 캠핑장 집단감염과의 연관성에 대해서는 커피점 내 접촉은 물론 서로 다른 감염원을 통한 개별 사례일 가능성까지 염두에 두고 역학조사가 진행 중이다일 질병관리본부 중앙방역대책본부방대본에 따르면 이날 낮 시 기준 서울 강남구 커피전문점 할리스커피 선릉역점 양재동 식당 양재족발보쌈과 관련해 명이 추가 확진돼 누적 확진자는 명이다방역당국은 이번 집단감염의 시작 지점을 지난달 일 이 커피전문점에서 열린 회의로 지목했다 커피전문점과 양재동 식당을 잇는 지표환자 외에 감염이 시작됐을 것으로 추정되는 근원환자까지 확인했는데 이들 모두 이날 회의에 참석했기 때문이다이날 회의에는 총 명이 참석했는데 현재까지 지표환자 씨와 근원환자 씨 등 명이 확진됐다 확진일은 씨가 지난달 일로 일 확진된 씨보다 빠르지만 증상은 씨가 일로 일부터 증상이 나타난 씨보다 먼저다 씨와 씨는 모두 경기 용인시 확진자다이후 이들과 관련해 직장 동료 명과 가족지인 등 명이 추가로 감염됐다이번 집단감염은 지표환자 씨가 양재동 양재족발보쌈을 방문하면서 이 식당을 중심으로 추가 감염으로 이어졌다씨는 회의 다음날인 지난달 일 해당 식당을 찾았고 이때 함께 식당에 있었던 종사자 명과 이용자 명이 감염된 것으로 파악됐다그리고 해당 식당 종사자 씨를 중심으로 추가 감염이 별도로 일어났다 전날 낮 시 이후 이날까지 추가된 환자 명 모두 커피전문점이 아닌 이 식단 관련 확진자들이다씨와 산에 다녀오고 식사를 함께한 씨가 확진자 접촉에 따른 자가격리 통보를 받은 뒤 확진 판정을 받은 것이다씨는 씨의 확진 사실을 알기 전 가족들과 함께 경북 경산에 있는 친척 집을 찾았다가 자가격리 통보에 거주지인 경기로 돌아가 검사 결과 확진됐다 그리고 친척 집에 남아있던 딸과 손녀가 지난달 일과 이달 일 확진 판정을 받았으며 자가격리 중이던 이 손녀를 돌보던 이모까지 일 양성으로 판명돼 일가족 명이 확진됐다지난달 일 양재동 식당을 찾은 또 다른 식당 이용자도 이날 확진자에 추가됐다 방역당국은 이 환자도 식당 종사자 씨를 통해 감염됐을 것으로 보고 있다총 명의 확진자 가운데 지표환자 씨와 근원환자 씨는 물론 추가 감염자인 씨와 씨 포함 명은 강남 커피전문점양재동 식당 집단감염이 확인되기 전에 이미 확진 판정을 받았다 집단감염이 방역당국 역학조사로 드러나기 전에 이른바 조용한 전파가 진행됐던 셈이다전날 방역당국은 해당 커피전문점에 강원도 홍천 캠핑장 확진자 중 증상 발생일이 가장 빠른 환자가 회의가 있었던 지난달 일 오후 시께부터 약 분간 머물렀던 사실을 폐쇄회로 조사로 확인했다회의가 있었던 탁자와 캠핑장 확진자가 머무른 탁자 사이 거리는 약 로 확인됐다지난달 일 박 일간 캠핑을 함께한 여섯가족 명 중 네가족 명이 확진된 가운데 커피전문점을 찾은 확진자의 증상 발생일은 지난달 일이다 강남 커피전문점양재동 식당 사례 근원환자 씨의 증상 발생일보다 이틀 늦은 시점에 증상이 나타난 것이다그러나 커피전문점식당 확진자를 통해 캠핑 확진자가 감염됐는지에 대해서는 추가 조사가 필요하다는 게 방대본 판단이다직접적인 접촉 사실을 확인하지 못한 상황에서 손잡이 등을 통한 간접 접촉과 아예 별도 경로로 감염된 각각의 환자들이 우연히 이날 같은 장소에 머물렀을 가능성까지 배제할 수 없기 때문이다권준욱 방대본 부본부장국립보건연구원장은 이날 오후 정례 브리핑에서 테이블 구조나 근원환자의 자세나 위치 등지고 있는 자세 방향 이런 것 등이 있기 때문에 상 아직 좀 더 확인이 필요한 상황이라며 침방울이 아니라 손잡이라든지 다른 물건에 따른 전파도 생각할 수 있기 때문에 그런 부분을 확인하기 위해서 좀더 분석을 하고 있다고 설명했다권 부본부장은 강남이나 선릉역 인근에 또 다른 클러스터집단들이 최근 개별적으로 있었기 때문에 별도의 연결고리로서 우연히 그 자리에 있었을 가능성도 배제하지 못한다며 지금 이 순간에 명쾌하게 말하지 못하는 이유라고 설명했다현재 방역당국은 회의가 있었던 날 동일 시간대 전후로 해당 커피전문점 이용객 등을 대상으로 추적조사를 진행하고 있다 공감언론 뉴시스 ,사회
충주뉴시스이병찬 기자  일 충북 충주시 소태면 수해 현장에서 중장비를 동원한 복구 작업이 진행되고 있다사진충주시 제공  충주뉴시스이병찬 기자  일 충북 충주시 소태면 수해 현장에서 중장비를 동원한 복구 작업이 진행되고 있다사진충주시 제공 청주뉴시스 천영준 기자  기록적인 폭우가 쏟아진 충북 중북부 지역의 피해가 눈덩이처럼 불어나고 있다일 충북도에 따르면 이날 오후 시 기준으로 집중호우로 인한 시설물 피해는 무려 건에 달한다이 중 공공시설은 건이다 도로 곳 산사태 곳 하천 범람유실 곳 소규모 시설 건 철도 곳 상하수도 곳 등이다사유시설은 건이다 주택 피해가 곳으로 가장 많다 벌통 유실 가축 폐사 등 축산 피해는 곳이다 수산 피해는 곳이다농경지 피해 면적은 이다 농가 곳이다 작물별로는 벼  과수  전작  채소  특작  농경지 유실매몰  등이다피해 유형은 침수  낙과  도복  유실매몰  등이다주택 침수와 매몰 등으로 이재민도 발생했다 가구 명이다 이 중 가구 명은 귀가했다나머지 가구 명은 마을회관과 학교 경로당 등에서 머물고 있다각 시군은 이들에게 응급구호세트와 생필품을 전달했다 도시락 제공 등 급식도 지원하고 있다 민간숙박 시설은 최대 일주일 동안 이용할 수 있게 조처했다이번 폭우로 인명 피해도 발생했다 명이 숨지고 명이 실종됐다 충북도 소방본부는 대규모 인력과 장비를 동원해 실종자의 행방을 찾고 있다충북도는 풍수해 재난안전대책본부 비상근무를 단계로 유지하고 있다 폭우 피해가 큰 충주시와 제천시 음성군 등 개 시군은 긴급비상 대책반을 가동했다도는 군부대와 충북지방경찰청 자원봉사센터 등 유관기관에 피해 지역 복구 지원에 대한 협조를 요청했다충북에는 지난 일부터 이날 오후 시까지 충주엄정  단양영춘  제천백운  충주노은  진천  청주  등의 폭우가 쏟아졌다 공감언론 뉴시스 ,사회
역사적으로 형사소송 절차는 무고한 이를 범죄자로 몰아 처벌하지 않기 위한 제도를 마련하는 방향으로 발전하였습니다 인신구속과 압수수색은 법원이 발부한 영장에 의해서만 하도록 하고 사실의 인정은 반드시 증거에 의하여야 하며 피고인이 유죄라는 점을 증명할 책임은 검사에게 있을 뿐만 아니라 피고인이나 피의자는 유죄판결이 확정될 때까지는 무죄로 추정된다는 원칙 등이 그것입니다이처럼 국가가 범죄자에게 합당한 처벌을 내리는 것에 형사소송이 중점을 두고 있다 보니 정작 범죄로 인하여 피해를 입은 이의 권리 보호나 회복에는 소홀하였고 이에 대한 보완으로 형사피해자의 권리가 대두하였습니다형사피해자의 가장 대표적인 권리는 고소권입니다 범죄피해자나 피해자의 법정대리인은 고소할 수 있고 피해자가 숨진 때에는 그 배우자 직계친족 또는 형제자매가 고소할 수 있습니다형사소송법 조 조 친고죄에서는 범인을 알게 된 날로부터 개월 내 고소하여야 하나 아니면 고소기간의 제한은 없습니다형사소송법 조 고소는 제심 판결선고 전까지 취소할 수 있고 고소를 한 번 취소하면 다시 할 수 없습니다형사소송법 조 고소는 서면 또는 구술로도 할 수 있으나 일반적으로 고소장을 제출하고 고소장이 제출되면 수사기관은 고소인 조사를 하고 그 진술을 기재한 조서를 작성합니다형사소송법 조고소에 의하여 범죄를 수사할 때에는 고소장을 수리한 날로부터 개월 이내 완료하여 공소 제기 여부를 결정하는 것이 원칙형사소송법 조이나 강행규정이 아닐 뿐더러 실무상으로도 지켜지고 있지 않습니다 검사는 기소나 불기소 처분을 한 날로부터 일 이내에 서면으로 고소인에게 그 취지를 통지하여야 합니다형사소송법 조 검사는 범죄피해자나 법정대리인의 신청이 있는 때에는 당해 사건의 공소 제기 여부 공판의 일시와 장소 재판 결과 피의자나 피고인의 구속 및 석방 등 구금에 관한 사실 등을 신속하게 통지하여야 합니다형사소송법 조의 고소인이 검사의 불기소 처분에 불복하면 처분을 통지받은 날부터 일 이내 항고할 수 있습니다검찰청법 조 항고장은 불기소 처분을 한 검사가 속한 지방검찰청이나 지청에 제출하고 관할 고등검찰청에서 당부를 결정하며 사건을 재기하여 보완 수사를 한 뒤 다시 기소 불기소 처분을 하기도 합니다 항고 기각 결정이나 재기수사 후 불기소 처분을 통지받거나 항고 후 처분 없이 개월이 지나면 일 이내 지방검찰청 검사장 또는 지청장에게 재정 신청서를 제출할 수 있고 재정 신청은 고등법원에서 심리합니다형사소송법 조 내지 조과거에는 재정 신청의 대상이 제한적이어서 고소인은 검사의 불기소 처분에 대하여 항고 재항고를 거쳐 헌법소원을 제기할 수 있었으나 년 형사소송법 개정으로 재정신청 대상이 확대되어 현재는 헌법소원의 보충성 원칙에 따라 이러한 구제절차를 모두 거친 뒤에야 제기할 수 있습니다 단 고소하지 않은 피해자는 항고 재항고나 재정 신청을 할 수 없으므로 새로 고소하여 이러한 구제절차를 거치지 않더라도 곧바로 헌법소원을 제기할 수 있습니다헌마 등기소 후 공판 과정에서 피해자를 증인으로 신문하려면 법원의 직권 또는 피해자나 검사의 신청으로 피해자와 신뢰관계에 있는 이를 동석하게 할 수 있고 아동복지법 위반의 피해아동이나 청소년성보호법 위반의 피해자는 비디오 등 중계를 통하여 신문하거나 피고인과 대면하지 않도록 차폐시설을 설치하고 할 수 있습니다형사소송법 조의  조의  피해자는 증인으로 출석하여 피해의 정도 및 결과 피고인의 처벌에 관한 의견 등을 진술할 권리가 있고형사소송법 조의  법원은 피해자 증인신문 시 사생활의 비밀이나 신변 보호를 위하여 필요하면 심리 비공개 결정을 할 수 있으며형사소송법 조의  소송계속 중인 사건의 피해자는 기록의 열람과 등사를 신청할 수 있습니다형사소송법 조의 상해 과실치사상 강간추행 절도강도사기공갈횡령배임손괴 성폭력범죄의 피해자는 심 심의 형사공판 절차에서 범죄행위로 발생한 직접적인 물적 피해 치료비 손해 및 위자료에 대하여 배상명령을 신청할 수 있고소송촉진 등에 관한 특례법 조 조 배상명령을 신청한 피해자는 공판기일을 통지받게 됩니다같은법 조 실무상 배상신청은 피해금액 불특정 공판절차 지연 우려 등으로 각하되는 일이 잦으나 배상명령이 선고되면 이는 민사판결과 같은 집행력이 있습니다이처럼 형사피해자는 법률의 규정에 따라 수사 및 공판 과정에서 행사할 수 있는 권리가 있으므로 범죄로 인하여 피해를 입었다면 전문가의 도움을 받아 이를 제대로 파악하고 적극 행사하시기를 권합니다김미연 법무법인 바른 변호사  세상을 보는 눈,사회
서철모 화성시장은 산사태 취약지역 현장을 점검했다 화성시 제공 서철모 화성시장은 산사태 취약지역 현장을 점검했다 화성시 제공헤럴드경제화성지현우 기자 최근 폭우로 인한 산사태가 잇따른 데 대해 화성시가 산사태 취약지역 현장점검에 나섰다고 일 밝혔다서철모 화성시장과 임종철 화성시 부시장이 폭우 대비 산사태 취약지역 현장점검을 실시했다 이날 서 시장과 임 부시장은 남양읍 개소와 봉담읍 개소 정남면 개소 등 취약지역 현장을 나눠 방문했다 산사태와 급경사지 붕괴 등에 의한 주민 피해가 발생하지 않도록 사전대비에 최선을 다해줄 것을 당부했다현재 화성시는 재난안전대책본부 단계 비상근무체계를 가동 중이다 향후 기상상황에 따라 대응 수위를 높일 예정이다 화성시는 산사태 피해 예방을 위해 지난 월 산사태예방지원본부와 산사태현장예방단을 기간제로 운영하고 있다화성 지역 내 산사태 취약지역 개소에 대해 예찰과 응급조치 연접 시설물과 거주자 조사 현행화를 실시하고 있다 취약지역 주변 거주 주민들에게는 문자 발송과 유선 안내를 통해 사전에 대피할 수 있도록 권고하고 있다서 시장은 시민의 재산과 인명 피해를 최소화할 수 있도록 만반의 태세를 갖추고 집중호우 대비에 총력을 다하겠다 외출이나 위험지역 출입을 자제하시고 재난정보에 귀를 기울이면서 안전에 유의해주시기 바란다고 했다   헤럴드경제   무단 전재 및 재배포 금지 ,사회
윤석열 검찰총장이 일 서울 서초구 대검찰청에서 열린 신임 검사 신고식에서 발언하고 있다대검찰청 제공 뉴스 서울뉴스 윤석열 검찰총장이 일 서울 서초구 대검찰청에서 열린 신임 검사 신고식에서 발언하고 있다대검찰청 제공 뉴스 서울뉴스윤석열 검찰총장의 독재와 전체주의 배격 발언을 놓고 일 여권에서는 반정부 투쟁 탄핵 주장이 나왔다 미래통합당은 윤 총장 옹호에 나서면서 문재인 정부 핵심인사에 대한 수사를 촉구했다더불어민주당은 지도부 차원에서 윤 총장의 발언에 대한 공식적인 반응을 자제했지만 전당대회에 출마한 의원을 중심으로 윤 총장에 대한 날선 반응이 이어졌다 당 대표 선거에 출마한 박주민 의원은 이날 페이스북에 국민의 요구인 검찰개혁을 검찰 수장이 나서서 독재 전체주의로 폄훼하려 한다면 이는 기득권 지키기라는 비판을 피해갈 수 없다고 했다최고위원에 출마한 이원욱 의원은 페이스북에 검찰총장 역할이 아닌 검찰 정치를 하고 싶다면 검찰총장을 그만두고 정치하시라고 힐난했다 신동근 의원도 검찰 개혁 반대를 넘어 사실상의 반정부 투쟁 선언을 했다며 문재인 정부를 겨냥한 극언이라고 해석할 수밖에 없는 발언이라고 규정했다민주당의 비례대표 위성정당인 더불어시민당 공동대표를 지냈던 최배근 건국대 교수는 페이스북에 미래통합당의 검찰 정치 검찰임을 공개적으로 선언한 것이라며 정치를 하려면 검찰 옷을 벗어야 하기에 민주당은 윤 총장을 탄핵하고 추미애 법무부 장관은 그를 징계해야 한다고 주장했다미래통합당은 윤 총장에 대한 엄호에 나섰다 주호영 원내대표는 이날 국회에서 기자들과 만나 민주주의의 당연한 원리를 얘기한 것이라며 다수를 앞세워 그것이 민주주의라고 주장하면서 실질 내용은 민주주의가 아닌 일이 많이 일어나고 있다고 했다 원희룡 제주지사도 페이스북에 민주주의가 법의 지배라는 사실을 문재인 대통령추미애 법무부 장관이성윤 서울지검장은 알아야 한다며 윤 총장이 맞서 싸우는 사람들을 보면 누가 헌법주의자인지 민주주의자인지 법치주의자인지 알 수 있다고 했다동시에 윤 총장이 정권 실세에 대한 수사를 통해 자신의 발언을 입증해야 한다는 주문도 잇따랐다 주 원내대표는 윤 총장이 말한 결기를 실제 수사에서도 지휘를 통해서 구현했으면 좋겠다고 했다 김은혜 대변인도 논평을 통해 윤 총장의 의지가 진심이 되려면 조국 송철호 윤미향 라임옵티머스 등 살아있는 권력에 숨죽였던 수사를 다시 깨우고 되살려야 한다고 했다윤다빈기자  동아일보   무단 전재 및 재배포 금지,사회
일 오전 경기 용인시 처인구 원삼면 한 주택에서 수해 복구 지원을 나온 육군 장병들이 집중호우로 마당까지 밀려온 토사를 치우고 있다 사진 출처  연합뉴스 일 오전 경기 용인시 처인구 원삼면 한 주택에서 수해 복구 지원을 나온 육군 장병들이 집중호우로 마당까지 밀려온 토사를 치우고 있다 사진 출처  연합뉴스년째 농사를 짓고 있는데 물난리만 다섯 번째입니다 하늘 탓만 하는 지자체에 이제는 분통이 터집니다강원도 철원군 농민지난 일부터 나흘 연속 중부지방에 폭우가 쏟아지면서 농심이 타들어가고 있다 한 해 농사를 망쳐버린 농민들은 긴급대책 대신 하늘 탓만 하는 지방자치단체에 분노를 터뜨리고 있다중부전선 최전방 지역인 강원도 철원군 김화읍 생창리에는 지난 일 저녁부터 일 새벽까지 시간당 최대 가 넘는 장대비가 쏟아졌다 논밭과 비닐하우스 등 농지가 빗물에 잠겼다마을 옆 산기슭에서 내려온 빗물이 인근 하천인 남대천으로 빠져나가지 못하고 역류한 탓이다 철원 브랜드 쌀인 오대쌀과 파프리카를 주로 키우고 있는 마을 주민들을 더 화나게 하는 건 지자체 태도다 폭우 피해가 반복되고 있지만 이렇다 할 근본 대책이 세워지지 않고 있기 때문이다 실제 이 마을은 년 큰 수해가 나 저지대가 쑥대밭이 됐다 년에도 같은 피해가 났다주민들은 큰비가 내릴 것에 대비해 배수 취약지역에 빗물 펌프기를 가동하는 배수펌프장이 필요하다고 요구해 왔지만 그때마다 지자체는 한 귀로 흘리기 일쑤였다 주민들은 언제까지 폭우 피해를 하늘 탓으로 돌릴 것이냐면서 빗물 역류 피해를 막으려면 최소  이상 배수 능력을 갖춰야 한다고 주장하고 있다 주민 불만이 하늘을 찌르자 철원군은 수해로 인한 농경지 침수 피해가 이어지지 않도록 농민들 요구를 검토하겠다고 밝혔다충북 충주시 산척면 상산마을 농토도 폭우로 갈기갈기 찢기고 움푹 파여 수확이 힘든 처지다 가구가 모여 사는 이 마을은 올해 사과나무를 말라죽게 하는 과수화상병이 번진 데 이어 폭우 피해까지 겹치자 망연자실한 표정이다 지난 일 가 넘는 물폭탄이 쏟아지면서 밭작물 벼 과수원 주택 가릴 것 없이 마을 전체가 수해를 당했다수도권과 중부지방에 나흘째 집중호우가 이어지면서 피해 규모가 눈덩이처럼 불어나고 있다 사망자 추가 발견으로 인명 피해가 사망 명실종 명으로 잠정 집계된 가운데 이재민이 명을 넘어서고 농경지 가 물에 잠기거나 매몰됐다일 중앙재난안전대책본부중대본에 따르면 오후 시 현재 지난 일부터 내린 비로 사망 명 실종 명 부상 명의 인명 피해가 발생했다 전날 오후 충남 아산에서 맨홀에 빠져 실종된 대 남성이 이날 오전 숨진 채 발견되면서 사망자가 명 늘고 실종자는 명 줄었다이재민은 처음으로 명을 넘어섰다 서울경기강원충북 가구에서 명이 발생했다 이 중 가구 명이 귀가했고 가구 명이 경로당 마을회관 체육관 친인척 집 등에서 머물고 있다재산 피해도 늘고 있다 지난 일 이후 시설물 피해는 모두 건이 보고됐다 침수나 토사 유출 등 주택 피해가 건이고 축사창고 건 비닐하우스 건 등으로 집계됐다 농경지 피해 면적은 전날보다 여  증가한 로 잠정 집계됐다 침수가 이고 벼 쓰러짐도복  낙과  매몰  등으로 나타났다충북선 태백선 중앙선 등 철도와 도로의 완전한 복구에는 시간이 더 걸릴 전망이다지홍구 기자  이상헌 기자 매일경제   무단전재 및 재배포 금지,사회
광주연합뉴스 기상청은 일 오후 시를 기해 흑산도홍도에 강풍주의보를 발효한다고 밝혔다강풍주의보는 풍속이 초속  또는 순간풍속이 초속 를 넘을 것으로 예상될 때 발효된다 통상 사람이 바람을 안고 걷기 어려울 정도다남해서부 서쪽먼바다와 서해남부 북쪽먼바다에는 오후 시를 기해 풍랑주의보가 발효된다풍랑주의보는 해상에서 풍속  이상인 바람이 시간 이상 지속하거나  이상 파도가 예상될 때 내려진다광주에는 폭염주의보가 내려진 상태다,사회
영암군은 오는 일부터 일까지 일간 벼 병해충 중점방제기간으로 설정해 적기방제 추진을 위해 읍면 현장기술지원에 총력을 다할 계획이다 영암군 영암군은 오는 일부터 일까지 일간 벼 병해충 중점방제기간으로 설정해 적기방제 추진을 위해 읍면 현장기술지원에 총력을 다할 계획이다 영암군김동언 기자영암영암군은 오는 일부터 일까지 일간 벼 병해충 중점방제기간으로 설정해 적기방제 추진을 위해 읍면 현장기술지원에 총력을 다할 계획이라고 밝혔다군에 다르면 지난 월 회에 거친 예찰결과 월 저온 긴 장마기간과 일조부족으로 거름기가 많은 논 잎이 늘어진 논 친환경단지를 중심으로 도열병 발생면적이 급속도로 늘어나고 있으며 멸구류와 혹명나방 등 비래해충도 작년보다 일정도 비해 시기가 빠르고 밀도가 높게 나타나 방제소홀시 큰 피해가 우려되는 실정이다군은 중점방제 대상병해충으로 이삭도열병 멸구류 혹명나방 먹노린재 잎집무늬마름병 등으로 설정해 방제지도에 나서 병해충 예방을 통한 고품질 쌀 생산을 위해 마을방송 현수막 문자발송 등 다양한 방법으로 적극 홍보 할 계획이다영암군 농업기술센터 관계자는 벼는 이삭이 나오는 출수기 전후에 병해충 피해를 받을 경우 수량감소에 큰 영향을 주기 때문에 이번 중점방제 기간 동안 적용약제로 방제하는 것이 중요하다 월 태풍에 대비해 침관수 피해가 발생하지 않도록 배수로 정비 및 태풍 내습 후 병해충 방제가 중요하다고 강조했다김동언 기자영암  무단전재 및 재배포금지,사회
송도국제도시 공구 인하대 수익용지 전경인하대 제공  뉴스 송도국제도시 공구 인하대 수익용지 전경인하대 제공  뉴스인천뉴스 강남주 기자  인천경제자유구역청이 인하대에 매각하기로 한 상태에서 용도를 변경해 논란이 일고 있는 송도공구 부지를 인하대가 원하는 대로 매각한다는 방침을 정했다 그러나 인하대는 물러서지 않을 태세여서 논란은 당분간 지속될 전망이다일 경제청에 따르면 전날 인하대 측에 송도공구 내 지식기반서비스용지수익부지를 매각할 의사가 있다는 취지의 공문을 보냈다경제청은 공문에서 인하대가 지금이라도 지식기반서비스용지를 매입할 의사가 있다면 당초 협약에 근거해 동일 면적 동일 조건으로 용지를 제공할 계획이라고 밝혔다경제청 관계자는 부지 위치는 인하대가 원하는 송도공구 내 지식기반서비스용지 어디든 상관없다며 인하대의 매입 의사가 확인되면 매각 가능하다고 말했다이어 논란이 되고 있는 부지도 용도를 다시 변경해 매각할 수 있다고 덧붙였다논란의 부지는 경제청이 인하대에 매각하기로 한 송도공구 지식기반서비스용지송도동  일원 만다 경제청은 지난 월일 이 부지 용도를 제조시설용지로 변경했다지식기반서비스용지에는 근린생활시설 오피스텔 업무시설 등을 건립할 수 있지만 제조시설용지에는 이같은 수익시설을 짓지 못한다경제청의 용도 변경에 인하대는 발끈하고 나섰다 이 부지를 개발해 얻는 수익금으로 인하대 송도캠퍼스 건립자금을 충당하려던 계획에 차질이 빚어졌다는 것이다뉴스 월일 보도반면 경제청은 인하대에 귀책사유가 있다는 입장이다 인하대가 이 부지에 대해 매매계약을 체결하기로 한 약속기일을 어겼다고 했다양 기관은 년 월 송도공구 학교용지송도동  만에 대한 매매계약을 체결하면서 지식기반서비스용지에 대해서는 개월 내 매매계약을 체결한다고 약속했다그러나 인하대는 이후 년 동안 매매계약을 체결하지 않았다경제청은 그동안 인하대 측에 매매계약 체결을 이행하라며 여러 차례 독촉 공문을 보냈고 년 월에는 최후통첩까지 했다 그러나 인하대는 계속 매매계약을 체결하겠다는 의사를 표명하면서도 계약은 체결하지 않았다경제청은 최후통첩 이후에도 인하대가 매매계약 체결에 응하지 않자 인하대가 실제 이 부지를 매입할 의사가 없다고 보고 이 부지의 용도를 제조시설용지를 변경했다고 설명했다경제청은 이번 공문을 통해 논란이 잠식되기를 원하고 있지만 인하대는 완강하다인하대 관계자는 그동안 여러 차례 경제청에 지식기반서비스용지 활용방안 협의를 요청했으나 경제청은 당사자 동의 없이 지식기반서비스용지를 무단으로 용도 변경했다며 감사원 감사 청구를 통해 이를 바로 잡을 것이라고 했다 뉴스코리아   무단 전재 및 재배포 금지,사회
네이버 제공 재판매 및  금지 네이버 제공 재판매 및  금지서울연합뉴스 이효석 기자  네이버는 한국교육학술정보원 네이버 비즈니스 플랫폼과 함께 인공지능 교육 생태계 조성 및 원격교육 개선을 위한 업무협약을 체결했다고 일 밝혔다세 기관은 교원 인공지능 활용 역량 강화 네이버 클라우드 기술 등을 이용한  학생 체험 대회 공동 개최  기술을 이용한 비대면 교육 지원 강화 등에 협력하기로 했다는 네이버와 지속해서 협업하고 있다 는 네이버 클라우드 플랫폼상에서 원격수업 플랫폼 학습터와 알림장 앱 위두랑을 운영 중이다박혜자  원장은  교육이 학교 현장에 뿌리내릴 수 있도록 하겠다면서 원격교육을 포함한 학교 교육 개선을 위해 개 기관이 힘을 모을 것이라고 말했다한성숙 네이버 대표는 와 협약으로 최신  기술을 미래 인재 육성에 활용할 수 있게 됐다며 앞으로도 소프트웨어 및  교육 활성화를 위해 적극적인 지원을 아끼지 않겠다고 말했다,사회
김포 장기지구 집하장 구역도김포시제공 뉴스 김포 장기지구 집하장 구역도김포시제공 뉴스김포시 관계자가 쓰레기자동집하시설 복구 작업을 하고 있다김포시제공  뉴스 김포시 관계자가 쓰레기자동집하시설 복구 작업을 하고 있다김포시제공  뉴스김포뉴스 정진욱 기자  경기 김포시의 생활쓰레기 자동집하시설크린넷 관로가 파손돼 시민들이 큰 불편울 겪고 있다일 김포시에 따르면 이날 오전 시쯤 장기동 장기집하시설과 연결된 자동집사시설 수송관로가 파손돼 장기본동장기동 만 세대가 불편을 겪고 있다김포시는 수송관로 파손이 음식물 쓰레기 염분에 의한 부식 때문인 것으로 보고 있다 또 주민들이 집하시설 투입구에 버리지 말아야할 물건을 넣어 굴곡진 관로에 이들 물건이 부딪히면서 파손의 한 원인으로 보고 있다시는 파손된 관로 수리가 완료될 때까지 쓰레기 수거 차량을 보내 문전 수거를 하기로 했다앞서 김포시는 지난 일 장기집하장 앞 도로가 꺼지면서 관로 파손을 확인 일 이음공사 등 차 복구를 마쳤지만 이날 다시 관로 파손이 확인 되면서 생활쓰레기 문전수거를 결정했다김포시는 수리 완료까지 한 달 이상이 소요 될 것으로 예상하고 장기집하장 확장지구내 세대의 생활 쓰레기 수거를 위해 인력을 추가 투입하는 불편을 최소화 하기로 했다정하영 시장은 시민들에게 불편을 드려 매우 송구하다며 음식물 쓰레기 별도 투입 등 관로 노후화에 따른 근본적 문제 해결방안을 강구하겠다고 말했다 뉴스코리아   무단 전재 및 재배포 금지,사회
앵커어제 집중호우로 전국 곳곳에선 열차 운행에 차질이 빚어졌습니다고속도로 일부 구간도 통제됐었는데요현재 상황은 어떤지 취재 기자 연결해 알아봅니다김수영 기자 철도 운행 상황부터 전해주시죠기자네 중부지방 폭우로 열차 운행 중단이 당분간 이어질 것으로 보입니다이번 폭우로 현재까지 충북선과 태백선 영동선 등 개 노선이 선로 침수 등의 피해를 입었는데요우선 충북선은 오늘도 대전과 충주 간 무궁화호 대 열차만 운행되고 있습니다충주에서 제천 구간은 여전히 열차가 다니지 못하고 있습니다이 구간은 피해를 복구하는 데 한 달 정도 걸릴 것으로 보입니다입석리에서 쌍용 간 선로 피해를 입은 태백선은 전 구간 운행 중단이 계속되고 있습니다영동선도 영주에서 동해 간 열차 중단 상태가 오늘도 이어지고 있습니다태백선과 영동선은 내일까지 복구작업을 마무리 짓고 모레 첫차부터 운행을 재개할 것으로 보입니다그제 집중호우로 선로가 유실된 수도권전철 경강선은 오늘까지 복구 작업을 마치고 내일부터 운행을 재개한다는 방침입니다복구가 완료된 중앙선 전 구간은 오늘 정상 운행을 이어가고 있습니다코레일 관계자는 피해 규모가 커 복구 작업도 길어지고 있다고 말했습니다때문에 열차를 이용할 고객은 반드시 코레일 톡이나 고객센터 등에서 운행 상황을 미리 확인해야 합니다참고로 는 모두 정상 운행 중입니다앵커도로 상황은 어떻습니까기자현재까지 집계된 주요 도로피해는 모두 건입니다이 중 곳은 복구가 완료가 됐습니다일단 오늘 추가로 들어온 고속도로 통제 소식은 현재까진 없습니다토사 유실이나 붕괴 위험으로 운행이 중단됐던 일부 고속도로 구간들은 통행이 재개된 상탭니다다만 국도 피해 상황은 시시각각 변하고 있습니다오늘 오후 시 분쯤엔 국도 호선로 흙과 돌이 유입돼 긴급 복구 중입니다오늘 다시 많은 비가 내릴 것으로 예보돼 있는 만큼 도로 상황을 확인한 뒤 출발하시는 것이 좋겠습니다 뉴스 김수영입니다영상편집최민경김수영 기자 ,사회
법무부가 일 검찰 고위 간부 인사를 위한 검찰 인사위원회를 개최한다 지난달 일 열기로 했다가 취소한 지 일주일 만이다 일 법무부 관계자 등에 따르면 법무부는 일 오후 시 정부과천청사에서 검찰인사위를 열고 검찰 고위 간부 승진전보 인사에 대해 논의한다 인사는 당일이나 늦어도 다음날 단행될 것으로 보인다 검찰인사위는 이창재 전 법무부 차관사법연수원기을 위원장으로 총 명으로 구성된다 법무부는 당초 지난달 일 검찰인사위 개최를 예정했지만 하루 전 취소했다 취소 이유는 알려지지 않았다이번 인사는 추미애 법무부 장관기 부임 이후 두 번째 검찰 고위 간부 인사로 검사장급 이상 검사에 대한 인사가 주목된다 이번 인사에서는 사법연수원 기의 검사장 승진이 예상된다 현재 검사장급 이상 공석은 서울부산고검장 서울남부지검장 인천지검장 서울대전대구광주부산고검 차장 대검 인권부장 법무연수원 기획부장 등 석이다 이성윤 서울중앙지검장기의 고검장 승진 여부도 관심이다류영욱 기자 매일경제   무단전재 및 재배포 금지,사회
문재인 대통령이 일 집중호우 상황을 점검하기 위한 긴급회의를 소집해 지나치다 싶을 정도로 예방 점검과 선제적인 사전 조치에 나서라고 지시했다 이날 문 대통령은 청와대 위기관리센터에서 집중호우 대처 긴급 상황점검회의를 열고 집중호우로 인한 피해 상황과 정부 대책을 점검했다 전날 하계 휴가를 취소하며 업무에 복귀한 문 대통령이 집중호우로 인명 피해와 재산 피해가 잇따르고 있는 상황에서 직접 호우 피해 복구를 진두지휘하고 나선 것이다문 대통령은 앞으로가 더 긴장되는 상황인데 태풍 영향까지 받으며 내일까지 최대 의 물폭탄이 예상된다고 하니 피해 규모가 얼마나 커질지 매우 걱정이 크다며 막바지 장마 대응에 더욱 긴장해줄 것을 특별히 당부한다고 말했다문 대통령은 지자체 요청이 잇따르고 있는 특별재난지역 선포에 대해 빠르게 선포할 수 있도록 지자체 피해조사 외에 중앙부처도 합동 피해조사에 신속히 나서라고 주문했다임성현 기자 매일경제   무단전재 및 재배포 금지,사회
모닝 어반은 스티어링 휠 버튼노란색 점선 안을 통해 차로유지보조를 쓸 수 있다 사진지디넷코리아르노삼성차 더 뉴  차선중앙유지보조 버튼은 스티어링 휠 왼쪽에 위치해있다르노삼성차 더 뉴 에는 에 없는 차선유지보조 가 들어간다 사진르노삼성차 시스템이 작동된 모습 사진푸조 공식 유튜브 캡처티볼리에 들어가는  개념도 사진쌍용차 홈페이지 캡처지디넷코리아조재환 기자최근 나오는 신차의 첨단운전자보조시스템 중 핵심사양으로 차선을 중앙으로 유지시켜주는 보조 기능이 있다 단순히 차량의 차선 이탈을 방지해주는 보조 기능보다 한 차원 높은 기능으로 평가받고 있다차선을 중앙으로 유지시켜주는 기능은 현대기아차 테슬라 등이 적용시켰지만 최근에는 이같은 기능이 들어간 차량과 브랜드가 점차 확대되는 추세다 미래 자율주행 시대를 대비하기 위한 각 브랜드의 전략적 조치다 하지만 해당 기능이 자율주행 보다는 운전자 보조 수준이기 때문에 항상 운전자가 전방을 주시하면서 시스템 해제 등의 돌발 상황에 대비해야 한다현대기아차의    차로유지보조는 지난 년 넥쏘 출시 이후 다양한 차종에 적용되고 있다 기존   가 시속  이상 주행 시 사용이 가능했다면 는  이하 저속 주행시에도 쓸 수 있다한 때 는 스마트 크루즈 컨트롤현대차가 부르는 어댑티브 크루즈 컨트롤 명칭이 반드시 작동돼야 쓸 수 있었다 하지만 최근에 출시되는 차량은 스티어링 휠핸들에  버튼을 추가했다 스마트 크루즈 컨트롤 작동 없이도 다양한 상황에서 를 쓸 수 있다는 의미다  버튼은 이달 출시될 카니발 풀체인지 투싼 풀체인지 등에 탑재될 예정이다르노삼성차와 쌍용차도 현대기아차 와 비슷한 성능을 내는 차선중앙유지보조 를 최근 추가했다르노삼성차는 올해 처음으로 와 르노 캡처 등에 차선이탈방지보조 기능을 넣은 이후 지난달 출시한 부분변경 더 뉴 에 처음으로 차선유지보조 를 넣었다는   의 준말로 스티어링 휠이 카메라 정보에 의존해 차선 중앙을 유지하도록 돕는다더 뉴  는 반드시 어댑티브 크루즈 컨트롤을 실행해야 작동된다 어댑티브 크루즈 컨트롤을 실행한 후 별도의 스티어링 휠 버튼을 눌러야 하는 조건도 있다이 는 어댑티브 크루즈 컨트롤이 실행되고 클러스터계기반 화면에 앞차가 감지되면 시속  이하 주행시에도 쓸 수 있다 즉 고속도로 정체 구간에서 유용하게 쓰일 수 있다는 뜻이다 르노삼성차에 따르면 클러스터에 앞차가 감지가 안될 경우 시속  이상에서만 를 쓸 수 있다 안전 때문이다쌍용차도 지난 월 출시한 리스펙 코란도와 리스펙 티볼리에 차선중앙유지보조 기능을 넣었다 쌍용차는 이를    라고 부른다 현대기아차처럼 시속  이하 주행시에는 쓸 수 없지만 고속도로나 간선도로 등에서 유용하게 쓰일 수 있다는 것이 쌍용차 측 설명이다푸조는 최근 출시한 신형 과  등 대중형 모델에 차선중앙을 유지해주는   를 넣었다 최근 주목을 받는 볼보차도 모든 차량에 파일럿 어시스트  기능을 기본사양으로 넣어 차선 중앙으로 스티어링 휠 자동 조향을 돕는다아우디는   등에 액티브 레인 어시스트 기능을 추가시켰다 별도 레버 버튼을 누르면 스티어링 휠 자동 조향 시 차선 중앙을 유지시켜준다 만약에 주변 차량 통행이 많아 서행할 경우 차량 클러스터 화면에 혼잡구간보조시스템 문구가 뜨면 저속 주행시에도 액티브 레인 어시스트 기능을 쓸 수 있다앞으로 국내외 완성차 업체들은 좀 더 선진화된 주행보조 시스템을 내놓을 전망이다 특히 차선 중앙을 유지시켜주는 기능을 업체들이 더 눈여겨볼 수 있다 이 기능이 커넥티드 기술과 연동되면 완벽한 자율주행차를 만들 수 있는 원동력이 될 수 있다현재까지 나온 모든 차선중앙유지보조 기능들은 운전자의 안전운전을 유도하는 경고기능이 탑재됐다 만약 운전자가  기능 실행 후 스티어링 휠을 잡던 손을 떼면 약 초 뒤에 핸들을 잡으세요 같은 경고 메시지와 경고음을 보낸다 만약에 운전자가 수차례 이 경고를 무시하게 되면 차선중앙유지보조 기능은 강제로 해제된다 아직 완벽한 자율주행 기능이 아니라는 뜻이다조재환 기자메가뉴스     무단전재 및 재배포 금지,생활/문화
서울뉴시스 심동준 기자  오는 일 수도권과 강원 영서 등에 강하고 많은 비가 쏟아지겠다 특히 오전까지 중부 지방에는 돌풍과 천둥 번개를 동반한 매우 많은 비가 내릴 것으로 전망된다일 기상청은 내일까지 중부 지방에는 매우 많은 비가 오겠다며 오전까지 서울 경기 강원 영서에는 시간당  일부 지역에는  이상의 매우 강하고 많은 비가 내리겠다고 예보했다일까지 예상 강수량은 서울 경기 강원 영서 충청 북부 서해도에서 다 서울 경기 강원 영서에서 많게는  넘는 비가 내리는 곳이 있겠다강원 영동 충청 남부 경북 북부의 강수량은 로 예상되며  이상 비가 쏟아지는 곳도 있을 것으로 관측된다중부지방에 내리는 비는 동서로 길고 남북으로 폭이 좁은 분포를 보이고 강수강도가 오르내리면서 내리다가 그치기를 반복할 것으로 보인다비는 정체전선의 영향으로 중부 지방에 일까지 경북 북부는 일 낮까지 내리겠다 일 아침부터 밤사이 전라 내륙과 경남 내륙 제주도에는 소나기가 내리는 곳이 있겠다소나기에 따른 강수량은 일 아침부터 밤사이 전라 내륙 경남 내륙 제주도에서 로 예상된다반면 일 충청 남부와 남부 지방 제주도는 낮 기온이 도 이상 오르는 곳이 많아 덥겠다 습도가 높아 체감온도가 상승하고 열대야가 나타나는 곳도 있을 전망이다일 아침 기온은 도 낮 기온은 도로 전망된다주요 지역 아침 최저 기온은 서울 도 인천 도 수원 도 춘천 도 강릉 도 청주 도 대전 도 전주 도 광주 도 대구 도 부산 도 제주 도 등으로 전망된다낮 기온은 서울 도 인천 도 수원 도 춘천 도 강릉 도 청주 도 대전 도 전주 도 광주 도 대구 도 부산 도 제주 도 등으로 관측된다일 밤부터 중부 지방과 전북 경북 전남 서해안에는 바람이 매우 강하게 불겠다 그 밖의 지역에서도 바람이 강할 것으로 예상된다비가 오는 지역에서는 가시거리가 매우 짧고 도로가 미끄러운 곳이 많겠다일 제주도 전 해상과 서해 전 해상 등에서는 바람이 매우 강하게 불고 물결이 높이 일겠다 서해상에는 돌풍을 동반한 천둥 번개가 치는 곳이 있겠으며 대부분 해상에는 안개가 끼는 곳이 있겠다바다의 물결은 서해 앞바다와 먼 바다에서 각각  로 예상된다 남해 앞바다와 먼 바다에서는   높이로 물결이 일겠다 동해 앞바다와 먼 바다의 물결 높이는  로 예상된다남해안과 제주도는 너울에 의한 높은 물결이 방파제 갯바위를 넘거나 해수욕장으로 강하게 밀려오겠다 남해안은 천문조에 의해 바닷물의 높이가 높은 기간이니 만조 때 해안가 저지대에서는 침수 피해에 유의해야 한다미세먼지 농도는 전 권역에서 좋음보통 수준으로 예상된다 오존 농도는 전 권역에서 좋음보통 수준을 보일 것으로 전망된다 공감언론 뉴시스 ,생활/문화
서울 지하철 호선 상일동역에서 경기 하남시 미사지구와 풍산동을 잇는 하남선 단계 연장 구간상일동역하남풍산역이 오는 일 개통한다 서울 도심으로 출퇴근하는 하남 주민들 출퇴근길이 더 빨라질 것으로 예상된다일 경기도에 따르면 지하철 호선 상일동역에서 미사역을 거쳐 하남풍산역으로 이어지는 지하철 호선 연장 하남선 단계 구간이 일 오전 시 분 개통한다 년 착공한 지 년개월 만이다 하남선 단계 구간 운행 시간은 하남풍산역 출발 기준으로 평일 오전 시 분부터 그다음 날 오전 시 분까지 주말은 오전 시 분부터 밤 시 분까지다 기본 요금은 교통카드 기준 일반 원 청소년 원 어린이 원으로 책정됐다 차량은 량 편성으로 출퇴근 시간에는 분 내외 평시에는 분 간격으로 운행한다 상일동역에서 하남풍산역까지 분초 소요되며 천호역에서 호선으로 이어 잠실역에서 호선으로 환승하면 하남풍산역에서 강남역까지 분 안에 진입할 수 있게 된다지홍구 기자 매일경제   무단전재 및 재배포 금지,생활/문화
년 모차르트 고향 잘츠부르크에서 여름 페스티벌을 시작한 삼두마차는 연출가 막스 라인하르트 작가 후고 폰 호프만슈탈 작곡가 리하르트 슈트라우스였다 지금의 권위를 획득한 데는 역시 이곳 태생인 헤르베르트 폰 카라얀의 공이 크다 그는 년 대축제극장을 개관했고 년에는 여름 페스티벌뿐 아니라 부활제 페스티벌을 추가했다신종 코로나바이러스 감염증코로나 창궐로 올해 부활제 페스티벌은 취소됐지만 월 일부터 여름 페스티벌이 시작됐다 오스트리아도 신중하기로 유명한 게르만 민족의 나라인데 어떻게 이런 결정이 가능했을까 우선 주년이라는 상징성이다 프로그램을 예년보다 크게 축소하더라도 안 하고 지나갈 수는 없었을 것이다또한 같은 게르만이라도 오스트리아는 독일보다 상대적으로 남쪽이어서 어떻게든 잘되겠지 하는 라틴적 낙천성이 남아 있다 독일풍의 구조적 완결성이 있는 모차르트 음악에 남국의 밝은 태양이 빛나는 것과 비슷한 이치라고 하겠다유형종  음악무용 칼럼니스트무지크바움 대표  한국경제    무단전재 및 재배포 금지,생활/문화
파이낸셜뉴스 삼성바이오로직스는 미국 소재 제약회사와 억원 규모 바이오의약품 위탁생산계약을 체결했다고 일 공시했다이번 계약은 지난 년 월 일 체결한 위탁생산계약이며 추가 계약 체결에 따라 확정계약 금액이 늘어난 것이다 이는 전년 매출액의 에 해당된다계약기간은 년 월 일부터 년 월 일이며 계약 종료일은 생산일정 등 계약조건에 변경에 따라 변동이 가능하다삼성바이오로직스는 계약 상대는 경영상 비밀유지 사유로 년 월 일 이후 공개될 예정이라고 밝혔다 저작권자  파이낸셜뉴스 무단 전재재배포 금지,생활/문화
중장비 동원된 복구작업안성연합뉴스 홍기원 기자  지난 일 산사태가 발생한 경기도 안성시 죽산면의 한 마을에서 일 오후 복구작업이 진행되고 있다   중장비 동원된 복구작업안성연합뉴스 홍기원 기자  지난 일 산사태가 발생한 경기도 안성시 죽산면의 한 마을에서 일 오후 복구작업이 진행되고 있다  산사태로 막힌 계곡 도로가평연합뉴스 임병식 기자  일 경기도 가평군 상면에서 산사태로 도로가 막혀 굴삭기가 복구작업을 하고 있다   산사태로 막힌 계곡 도로가평연합뉴스 임병식 기자  일 경기도 가평군 상면에서 산사태로 도로가 막혀 굴삭기가 복구작업을 하고 있다  수색 작업 벌이는 구조대충주연합뉴스 천경환 기자  일 오전 충북 충주시 목계교 인근에서 구조대가 실종된 소방대원을 찾기 위한 수색작업을 하고 있다   수색 작업 벌이는 구조대충주연합뉴스 천경환 기자  일 오전 충북 충주시 목계교 인근에서 구조대가 실종된 소방대원을 찾기 위한 수색작업을 하고 있다  구호 물품 받는 수재민들대전연합뉴스 김주형 기자  대전에 기록적 폭우가 쏟아져 명이 사망하고 아파트 등 주택 침수 피해가 속출한 일 오후 정림동 아파트 침수 이재민들이 복수동 오량실내테니스장에 마련된 이재민 임시 생활 시설에서 안정을 취하고 있다   구호 물품 받는 수재민들대전연합뉴스 김주형 기자  대전에 기록적 폭우가 쏟아져 명이 사망하고 아파트 등 주택 침수 피해가 속출한 일 오후 정림동 아파트 침수 이재민들이 복수동 오량실내테니스장에 마련된 이재민 임시 생활 시설에서 안정을 취하고 있다  북한강 수계 댐 사흘째 방류춘천연합뉴스 이상학 기자  집중호우가 내린 일 강원 춘천시 춘천댐이 수문을 열고 물을 하류로 흘려보내고 있다   북한강 수계 댐 사흘째 방류춘천연합뉴스 이상학 기자  집중호우가 내린 일 강원 춘천시 춘천댐이 수문을 열고 물을 하류로 흘려보내고 있다  전국종합연합뉴스 록우가 휩쓸고 간 중부지방의 수해현장에서 복구작업이 시작됐으나  이상 큰비 예보가 이어져 당국과 주민들이 긴장을 끈을 놓지 못하고 있다중앙재난안전대책본부중대본는 일 오후 시 기준 집계를 통해 지난 일부터 중부지역을 강타한 집중호우로 모두 명이 숨지고 명이 실종됐다고 밝혔다 부상자는 명이다이재민은 가구 천명이다 지역별로는 충북이 명으로 가장 많고 경기 명 강원 명 등이다호우특보가 발효된 중부지방에는 돌풍과 천둥번개를 동반한 매우 많은 비가 또다시 내릴 것으로 전망된다일까지 예상 강수량은 서울경기강원영서충청북부서해도 많은 곳  이상 강원영동충청남부경북북부 많은 곳  이상 남부내륙제주도  등이다계속된 비로 하천과 계곡물이 불어나고 지반이 매우 약한 상태여서 추가 피해가 우려된다경기도 가평군 청평면 대성리에서는 급류에 휩쓸려 실종된 남씨의 시신이 하루만인 이날 오전 시 분께 발견됐다씨는 폭우에 근처 밭을 확인하러 나갔다가 사고를 당한 것으로 전해졌다이로써 경기도에서는 이번 집중호우로 명이 숨지고 명이 실종됐다가평군 상면 임초리 마을은 전날 진입로 주변 축대가 붕괴하면서 여가구의 주민과 피서객이 고립됐다이 마을은 전신주가 쓰러져 전력공급이 끊기고 수돗물 공급마저 중단된 상태다수도권 전철 경강선판교여주역 신둔도예촌여주역 구간은 선로면 복구 및 보강작업으로 이날까지 운행이 중단된다코레일은 지난 일 하행 이천부발 구간에서 선로면을 지탱하는 흙이 유실돼 상행 선로로 후속 열차를 운행했으나 계속되는 비로 신둔도예촌여주역 상행 선로면도 유실 우려가 커지자 이날 오후 시부터 열차 운행을 멈췄다열차 운행 재개 때까지 코레일은 버스를 투입해 이 구간 승객들을 운송할 예정이다경기도는 피해가 큰 평택이천안성여주가평에 현장 상황지원반을 운영한다전국에서 이재민이 가장 많이 발생한 충북에서는 현재까지 명이 숨지고 명이 실종됐다충북도 소방본부는 이날 오전 시부터 인력 명 장비 대 등 가용자원을 총동원해 실종자를 찾고 있다그러나 계속된 호우로 인해 하천 수위가 높아졌고 유속이 빠른 데다 흙탕물로 수중 시야 확보가 어려워 전방위 수색이 어려운 상황이다드론과 헬기를 활용한 공중수색 역시 국지성 호우와 물안개로 인해 기대만큼의 성과가 없는 상황이다도 소방본부 관계자는 수색 지역이 광범위하고 현장 여건이 어려운 상황이지만 조속히 실종자를 찾도록 최선을 다하겠다고 말했다충북도는 이재민 임시 거주시설에 대한 신종 코로나바이러스 감염증코로나 방역도 강화했다이날 청주에서 코로나 지역 감염자 명이 발생하는 등 지역사회 전파 가능성이 지속되는 데 따른 조처다충북에는 이번 비로 생활터전을 잃은 가구 명의 이재민 중 귀가하지 못한 명과 일시 대피자 명이 개 임시 거주시설에서 생활하고 있다충북도는 이들 시설에 관리자를 명씩 배치해 방역 상황을 살피고 개인 방역 및 위생 수칙도 철저히 지키도록 안내할 방침이다도 관계자는 이재민 집단시설에서는 코로나뿐만 아니라 수인성 감염병 발생 가능성도 높은 만큼 다소 불편하더라도 방역수칙을 생활화해야 한다고 강조했다충남도에서는 이번 폭우로 명이 숨지고 명이 실종됐다주택과 상가 곳이 침수되고 농경지 천가 물에 잠기면서 천여 농가가 발을 동동 굴러야 했다도로하천 제방교량 등 공공시설 곳도 파손됐다도는 이재민들을 위해 구호품 세트와 매트리스 개 담요 장 텐트 개를 긴급 지원하고 가용 인력을 총동원해 피해복구에 나섰다파손된 도로 곳과 하천 제방 곳에 대해선 응급조치를 마쳤다물에 잠겼던 도내 지하차도 곳은 긴급 배수 작업 후 모두 통행을 재개했다산사태가 발생한 천안아산 지역 곳에서는 무너진 토사 제거 작업을 진행하고 있다지하차도에 빗물이 유입되는 것을 막기 위해 모래주머니를 충분히 비치하고 당분간 하천산간 계곡 야영을 금지했다 강가 주차장도 폐쇄했다충남도 역시 이재민 시설에서 코로나 감염확산 방지를 위한 방역을 강화하고 천여명의 비상근무 요원을 현장에 배치해 재난 취약지역 예찰을 강화했다충남도는 집중호우 피해지역을 특별재난지역으로 지정해달라고 정부에 요청할 예정이다에 육박하는 기록적인 폭우가 쏟아진 강원은 명의 이재민 중 명은 밤사이 귀가했지만 나머지 명은 마을회관에서 뜬눈으로 밤을 새웠다주택 채가 파손되고 채가 침수됐다영동선 동해영주 구간과 태백선 영월제천 구간 곳이 유실돼 이 구간 열차운행이 사흘째 중단되고 있다 정상소통까지는 시간이 걸릴 것으로 보인다전날 옹벽 가량이 유실돼 차량 대가 매몰되거나 파손된 철원군 명성로의 한 아파트에서는 주변을 통제한 채 중장비가 투입돼 긴급 복구작업이 이뤄지고 있다토사로 덮였던 철원군 근남면 번 국도와 춘천시 신북읍 번 국도 등은 통행이 재개됐다북한강 수계 댐 중 가장 상류에 있는 화천댐은 지난 일부터 수문을 열어 초당 의 물을 하류로 방류하고 있다 화천댐의 수문 방류는 올해 처음이다춘천댐과 의암댐 팔당댐도 방류량을 늘리는 등 수위 조절에 나섰다강원도와 각 시군은 비상 단계를 유지한 채 비상근무를 이어가고 있다재해 우려 지역인 하상도로 곳 둔치주차장 곳 야영장 곳은 인명피해가 발생하지 않도록 사전에 출입을 통제하고 있다산사태 축대 옹벽 급경사지 등 피해 우려 지역에 대한 주기적인 예찰 활동을 강화했다권숙희 류수현 양영석 이재현 전창해,생활/문화
월 슈퍼주니어 온라인 콘서트에서  높이의 거인으로 변신한 최시원 사진 엔터테인먼트 월 슈퍼주니어 온라인 콘서트에서  높이의 거인으로 변신한 최시원 사진 엔터테인먼트오는 일 비욘드 라이브 시리즈로 온라인 콘서트를 선보이는 트와이스 사진 엔터테인먼트 오는 일 비욘드 라이브 시리즈로 온라인 콘서트를 선보이는 트와이스 사진 엔터테인먼트팝을 대표하는 두 대형 기획사가 손잡고 온라인 전용 콘서트 전문 회사를 만든다 엔터테인먼트와 엔터테인먼트는 온라인 전용 콘서트 비욘드 라이브 를 기획 및 운영하는 비욘드 라이브 코퍼레이션을 설립한다고 일 밝혔다 양사는 의 콘텐트 프로듀싱 능력과 네이버의 기술 여기에 의 글로벌 네트워크 및 크리에이티브를 더해 세계적인 온라인 콘서트 브랜드로 성장시켜 나갈 것이라고 설명했다비욘드 라이브는 지난 월 이 네이버와 업무협약을 맺고 세계 최초로 선보인 온라인 유료 콘서트 시리즈다 월 일 슈퍼엠을 시작으로 웨이션 드림 동방신기슈퍼주니어 등  소속 아티스트들이 차례로 나서 코로나 여파로 오프라인 콘서트를 열지 못하는 아쉬움을 달랬다 증강현실을 활용한 무대 연출이나 다중 화상 연결을 통한 인터랙티브 소통 등 온라인에 특화된 요소로 화제를 모았다에서는 트와이스가 오는 일 첫 타자로 나선다 전 세계를 누비는 파일럿 콘셉트로 트와이스 월드 인 어 데이를 선보인다 를 이끌고 있는 박진영이 직접 공연 기획에 참여한다 코로나가 장기화되고 있는 상황에서 새로운 수익 사업 모델이 될 수 있을지도 관심사다 양사가 공동으로 운영하지만 다른 회사는 물론 해외 아티스트에게도 열려 있다는 방침이다 앞서 한 회 관람료는 만원으로 책정돼 만 명이 관람한 슈퍼주니어 공연은 약 억원의 판매고를 올렸다민경원 기자 중앙일보 무단 전재 및 재배포 금지,생활/문화
사진  제서울창의예술교육센터의 찾아가는 힐링미술관 프로그램 사진  제서울창의예술교육센터의 찾아가는 힐링미술관 프로그램서울특별시교육청 제서울창의예술교육센터가 코로나로 지친 학생들의 심신안정을 위한 서울특별시교육청의 심리방역책 도서관 쏘옥 마음톡톡 움직이는 갤러리 사업에 명의 작가들의 개 작품을 제공하고 국민대에서 미술강사로 활동 중인 강사 명과 함께 서울 시내 초중등학교 개교에 총 회의 찾아가는 도슨트 프로그램을 지원한다지난 월 서울 신당초등학교를 시작으로 찾아가는 도슨트 프로그램은 오는 월까지 총 개 초중등학교에서 학생 및 교사를 대상으로 진행된다 시작된지 얼마되지 않았지만 언택트비대면에 연결이라는 개념을 더한 온택트 도슨트 방식을 채택해 코로나 팬데믹 시대에 학교예술교육의 새로운 방향을 제시하고 있다는 평가를 받고 있다신당초등학교 김영경 선생은 학생들을 위해 프로그램을 신청했다며 작품에 대한 감상을 나누고 탐구하는 수행평가와 연계해 학습적으로 활용할 계획이라고 밝혔다녹천초등학교 조은희 선생도 교사를 대상으로 한 교원연수 도슨트 프로그램을 신청했는데 전문적인 지식과 흥미있는 후일담까지 전해주는 전문강사의 연수라 좋았다면서 특히 담당 학급에서 방송을 시청하는 방식이라 교사들이 안전하고 편안한 환경에서 참여할 수 있어 집중도도 높았다고 밝혔다변승욱 제서울창의예술교육센터 운영대표국민대 음악학부 교수는 온라인을 통해 교육하는 언택트 문화가 학교의 문화예술교육에 많은 변화를 가져왔다면서 앞으로 온라인을 통해 문화예술을 체험할 수 있는 새로운 연결 프로그램의 중요성이 더 커질 것이라고 밝혔다한편 제서울창의예술교육센터는 서울특별시교육청이 주관하고 국민대학교 산학협력단이 위탁운영하는 융합예술교육 전문 교육기관으로 서울 학생들이 예술을 통해 꿈과 끼를 펼칠 수 있도록 다양한 예술체험 프로그램을 운영하고 있다프로그램에 대한 보다 자세한 내용은 제서울창의예술교육센터 홈페이지를 통해 확인할 수 있으며 현재 학생 뿐만 아니라 학부모 지역주민 모두 참여 가능한  여름방학 예술교실 프로그램을 신청받고 있다디지털기획팀 이세연    국민일보  무단전재 및 재배포금지,생활/문화
목조보트 첫 작품 앞에 선 라보드 창업 청년들중소조선연구원 제공 재판매 및  금지 목조보트 첫 작품 앞에 선 라보드 창업 청년들중소조선연구원 제공 재판매 및  금지목조보트 세투스호중소조선연구원 제공 재판매 및  금지 목조보트 세투스호중소조선연구원 제공 재판매 및  금지부산연합뉴스 이영희 기자  중소조선연구원과 청년창업기업 라보드는 일 부산시 북구 화명생태공원 계류장에서 목조 보트 세투스호 진수식을 했다라보드는 이경진 대표 등 대 초중반 청년 명이 카약 카누 보트 등 다양한 나무배를 만들겠다고 중소조선연구원 창업보육센터에 년 입주한 창업기업이다보육센터는 목가공장비 등 목조선박을 만들 수 있는 시설을 갖추고 있다강원도 원주의 목조선박 학교에서 만난 이들은 목재의 매력에 빠져 나무배를 만드는 회사를 만들기로 의기투합해 약 년의 준비 기간을 거쳐 이날 첫 작품을 이날 진수했다이경진 대표는 명이 선박학교 수료 후 엔진 전기 시스템 선체 구조 도장 등 분야를 나눠 각각 조선업체에 취업해 현장기술 등을 익히고 나서 나무 보트 제작에 나선 지 개월 만에 첫 작품을 완성했다고 말했다세투스호는 급으로 길이  폭 에 승객은 명까지 태울 수 있다소설 노인과 바다를 남긴 어니스트 헤밍웨이가 탔던 필라 보트를 모델로 해서 설계했다나무로 만든 선체에 에폭시와 유리섬유를 표면처리해 강도를 높였다목조선박은 폐선 후 환경오염을 일으키는 섬유강화플라스틱보다 친환경적이며 알루미늄 선박에 비해 보온성과 방음성이 좋고 따뜻한 느낌을 주는 것이 매력이라고 이 대표는 설명했다세투스호는 월 한 달 간 시운전을 마치고 월 제주도에서 취항할 예정이다추가로 건조 중인 척은 전남 한 기초지자체와 설계와 디자인을 협의 중이다이 대표는 외국의 유명 해양도시들처럼 목조 선박을 이용한 관광이 활성화할 수 있게 다양한 선박을 만들겠다며 목조 선박 대중화를 위해 일반인을 대상으로 모형 선박 제작 교실 등의 프로그램도 운영할 계획이라고 덧붙였다,생활/문화
노컷뉴스 유동근 기자사진연합뉴스 사진연합뉴스현대자동차와 기아자동차의 월 미국 시장 판매가 코로나 유행 이후 개월만에 증가한 것으로 전해졌다일 업계에 따르면 현대차 미국판매법인은 일 지난달 판매 실적이 만대를 기록했다 지난해 동월 대비  증가한 수치다 현대차의 미국 시장 월간 판매 실적이 소폭이나마 증가한 것은 지난 월 이후 이번이 처음이다소매 판매는  늘어 개월 연속 증가세를 보였다 소매 판매의 를 차지하는 스포츠유틸리티차 매출은  늘었고 주력 인 팰리세이드는 지난 한 달 동안 대가 팔려 월간 최다 판매 신기록을 세웠다 이밖에 산타페와 코나 소나타 액센트의 소매 판매도 모두 늘었다하지만 법인과 렌터카 업체 등에 대량으로 판매하는 플리트 판매는  감소하며 전체 판매량에서 차지하는 비중은 로 줄었다 랜디 파커 판매담당 부사장은 코로나 대유행에도 매출 증가가 이루어진 것은 엄청난 성과라며 고객 수요에 맞추기 위한 재고 수준도 안정적인 상태라고 밝혔다기아차 미국판매법인도 월간 실적 발표를 통해 지난달 소매 부문에서 만대를 팔아 역대 월 소매 실적 가운데 최고치를 기록했다고 밝혔다 기아차도 현대차와 마찬가지로  판매 호조가 소매 실적을 견인했다기아차의 경우 텔루라이드대 매출이 조지아 공장 재가동에 힘입어 전월 대비  늘었고 스포티지대와 셀토스대의 판매도 증가했다저작권자   노컷뉴스 무단전재 및 재배포 금지,생활/문화
제주 드림타워 복합리조트 전경 제주 드림타워 복합리조트 전경롯데관광개발이 드림타워 복합리조트를 앞세워 제주에서 제 창업을 선언했다 공식 오픈과 함께 국제적인 경쟁력을 갖춘 카지노 시설까지 들어서게 되면 년 개장한 신화월드와 제주 복합리조트 클러스터 시대를 열 것으로 기대를 모은다롯데관광개발은 제주 드림타워 복합리조트의 성공적인 운영을 위해 년 역사의 서울 광화문 본사를 제주로 이전하는 작업에 본격적으로 착수한다고 일 밝혔다년 설립된 국내 대표 종합여행 기업인 롯데관광개발은 여행 업계 최초 코스피 상장 항공 전세기크루즈 전세선 운항 등 개척자 역할을 수행해 온 여행 업계 터줏대감이다김기병 롯데관광개발 회장은 이번 제주 본사 이전을 통해 제주 드림타워 복합리조트 오픈과 동시에 제주에서 제 창업을 한다는 각오로 고급 일자리 등 세금 등 향토기업 약속을 반드시 지키겠다고 포부를 밝혔다총 사업비가 조억원에 달하는 제주 드림타워 복합리조트는 현재 공정률 를 기록하고 있다 롯데관광개발은 이 사업에만 조원 넘는 천문학적인 액수를 쏟아부었다 제주도에 투자한 순수 국내 자본으로는 역대 최대 규모다공식 오픈 후 드림타워에서 근무할 신규 채용 인원은 명에 달한다 제주 취업 사상 단일 기업으로는 가장 많은 숫자다 롯데관광개발은 이 중 를 우선 도민으로 채용한다드림타워의 경제 효과는 상당할 것으로 전망된다 실제로 롯데관광개발은 드림타워를 통해 내년부터 연평균 외국인 관광객 만명을 유치해 연간 억원에 이르는 제주관광진흥기금을 납부하겠다는 청사진을 내놓고 있다 제주관광진흥기금 억원은 지난 년간 도내 카지노 곳을 모두 합친 액수연간 평균 납부금 억원의 배에 달하는 금액이다 지방세 납부까지 더해 제주 관광 산업에 적지 않게 기여할 것으로 예상된다제주 지역사회도 이 같은 롯데관광개발 행보를 환영하는 분위기다 특히 코로나 직격탄을 맞은 제주 관광 산업이 드림타워 복합리조트 오픈으로 활기를 되찾을 것으로 기대하고 있다드림타워는 제주 내 종전 최고 높이인 롯데시티호텔보다 배가량 높은 층 위용을 자랑한다 연면적은 여의도 빌딩의 배인 만에 달한다 글로벌 프리미엄 호텔 브랜드인 하얏트그룹이 위탁 운영하게 될 개 올스위트 객실도 인상적이다 한라산과 제주 바다 제주시내 전경을 파노라마 뷰로 바라볼 수 있는 것은 물론 글로벌 셰프들이 맡게 될 개 레스토랑과 국내 최고 높이 풀데크는 제주의 새 랜드마크로 자리매김할 것으로 보인다마지막 관문은 기존 서귀포 중문에 있는 카지노 이전이다 이를 위해 롯데관광개발은 지난달 일 지역 기여 방안 등을 담아 제주도에 카지노 산업 영향평가서를 제출한 상태다 지역경제 활성화에 역점을 둔 평가서를 제출한 만큼 순조롭게 이전 절차가 이뤄질 것이라는 전망이 나온다김한준 롯데관광개발 사장은 영종도의 복합리조트 클러스터와 함께 세계적인 관광 산업 트렌드를 선도하는 제주 랜드마크로 만들어 가겠다고 말했다신익수 여행전문기자 매일경제   무단전재 및 재배포 금지,생활/문화
팰리세이드 현대자동차 제공 팰리세이드 현대자동차 제공현대자동차가 주요 수출국인 미국 시장에서 코로나가 본격 확산된 지 개월 만에 판매 감소세를 뒤집는데 성공했다 업계에선 타 글로벌 자동차 업체들과 비교했을 때 현대차가 빠른 회복세를 보이고 있다는 평가가 나온다 현대차는 하반기 북미 시장에서 인기를 끌고 있는  신차와 고급 브랜드 제네시스의 주요 차종을 추가 투입해 판매 조기 정상화를 노릴 계획이다현대차는 지난해 월부터 지난 월까지의 미국 시장 현지 판매 실적을 일 발표했다 이에 따르면 현대차는 지난달 미국에서 총 만대를 팔았다 전년 동월만대과 비교해 대를 더 팔면서 개월 만에 판매량을 회복했다현대차는 올해 월과 월 미국 시장에서 전년 동월 대비 각각  씩 증가한 판매 오름세를 보여줬다 하지만 코로나가 본격 확산된 이후엔 직격탄을 맞고 역성장을 거듭했다 지난 월 로 최하점을 찍었고 이후 개월간   로 연이은 수출 부진에 빠졌다 현대차만의 문제는 아니었다 전 세계적인 코로나 확산에 따라 다른 글로벌 브랜드도 부진을 면치 못했다그럼에도 현대차는 생산라인 재가동 현지 딜러망 회복 등을 이루면서 지난달을 기점으로 실적 반등을 일궈냈다 코나 투싼 싼타페 팰리세이드 등 주요  라인업은 월 만대 수준으로 판매량이 늘었다이와 더불어 기아자동차도 판매 회복 조짐을 보이고 있다 기아차는 월 미국에서 총 만대를 팔았다 전년 동월만대 대비 단  줄어든 수치다 셀토스와 북미 전용 모델인 텔루라이드가 판매 강세를 보였다 지난달부터는 미국에 출시된 신형 가 대 팔리며 실적 견인에 기여했다 기아차도 이달부터는 미국에서 판매 증가세에 접어들 거라는 예상이 나온다현대차는 하반기 본격적인 판매 회복에 나선다 코로나 사태로 미뤄졌던 소비자들의 구매심리가 살아나면서 찾아올 수요 폭증기에 신차 러시를 가해 판매량을 늘릴 계획이다 현대기아차 관계자는 투싼 싼타페와 같은  신차 출시는 물론   등 제네시스 차량들도 미국 시장에 출시할 예정이어서 실적 반등에 영향을 줄 것으로 기대한다고 말했다이런 가운데 일본차들은 여전히 미국 시장에서 고전하는 모습을 보이고 있다 지난달 도요타와 혼다는 전년 같은 기간과 비교해 각각  의 판매 감소율을 보였다박구인 기자    국민일보  무단전재 및 재배포금지,생활/문화
편의점 점장 역할을 맡은 배우 지창욱 사진 제공 편의점 점장 역할을 맡은 배우 지창욱 사진 제공편의점 가 지창욱 편의점 이벤트 논란에 대해 사과했다  공식인스타그램 화면 캡쳐 편의점 가 지창욱 편의점 이벤트 논란에 대해 사과했다  공식인스타그램 화면 캡쳐다음은 입장문 전문월 일 에서 진행된 촬영 중 코로나 확산에 대한 미흡한 대처로 많은 분들께 염려를 드려 죄송합니다현장의 배우와 촬영에 협조해 주신 분들 해당 내용을 접한 모든 분들께 사과드립니다지난 월 일  연대점에서 배우 지창욱 님과 함께 콘텐츠 촬영이 진행되었습니다배우가 에서 스토어매니저로 근무하며 관련 업무를 체험하는 것이 최초의 콘텐츠 방향이었습니다하지만 촬영 도중  근무자의 실수로 해당 지점에서 촬영이 진행되는 내용이 에 게시되었고 촬영팀이 해당 내용을 인지하고 업로드된 게시글 삭제를 요청한 바 있습니다명확하지 않은 소통으로 촬영 내용이 온라인상에 게시되어 배우가 편의점에서 직접 결제를 진행하는 이벤트처럼 잘못 홍보되면서 많은 분들께 오해를 드렸습니다진심으로 사과드립니다 이후 많은 인파가 몰리는 예상치 못한 상황으로 촬영을 중단하였으나부족한 인원과 미흡한 준비로 현장을 안전하게 정리하지 못하였습니다 촬영의 의도 과정과 관계없이 코로나 확산 방지를 위해 많은 분들이 노력하는 상황에서 안일한 준비와 대처로 불편을 드려 죄송합니다이번 일을 계기로 더욱 신중하게 콘텐츠 제작에 임하고 안전하게 고객이 이용할 수 있는 가 되겠습니다 다시 한번 진심으로 사과드립니다배우 지창욱이 신종 코로나바이러스 감염증코로나 사태 속 편의점 일일 아르바이트 이벤트에 참여해 논란이 일었지만 이는 잘못된 홍보 과정에서 생긴 오해로 드러났다일 는 공식 인스타그램을 통해 배우 지창욱의 편의점 이벤트 논란에 대해 사과했다 측은 배우가 에서 스토어매니저로 근무하며 관련 업무를 체험하는 것이 최초의 콘텐츠 방향이었지만 촬영 도중  근무자의 실수로 해당 지점에서 촬영이 진행되는 내용이 에 게시됐다고 전했다이어 명확하지 않은 소통으로 촬영 내용이 온라인상에 게시되어 배우가 편의점에서 직접 결제를 진행하는 이벤트처럼 잘못 홍보되면서 많은 분들께 오해를 드렸다며 많은 인파가 몰리는 예상치 못한 상황으로 촬영을 중단했으나 코로나 확산 방지를 위해 많은 분들이 노력하는 상황에서 안일한 준비와 대처로 불편을 드려 죄송하다고 덧붙였다채선희 한경닷컴 기자 기사제보 및 보도자료  한국경제    무단전재 및 재배포 금지,생활/문화
한미약품 한미약품한미약품과 미국에 본사를 두고 있는 바이오 헬스케어 기업 가 한미약품의 바이오신약 후보물질  수용체 듀얼 아고니스트를 비알코올성지방간염 치료제로 개발 제조 및 상용화하는 라이선스 계약을 체결했다고 일 밝혔다 수용체 듀얼 아고니스트의 일반명은 에피노페그듀타이드이며 라는 코드명으로도 불렸다 수용체 듀얼 아고니스트는 인슐린 분비 및 식욕억제를 돕는 과 에너지대사량을 증가시키는 을 동시에 활성화하는 이중작용 치료제로 한미약품이 보유한 약효지속 기반 기술 랩스커버리가 적용됐다이번 계약으로 는 한국을 제외한 전 세계에서  수용체 듀얼 아고니스트의 개발 제조 및 상업화에 대한 독점적 권리를 확보하게 된다한미약품은 로부터 확정된 계약금 만 달러와 단계별 임상개발 및 허가 상업화 마일스톤으로 최대 억만 달러를 수령하며 제품 출시 이후에는 두 자리 수 퍼센트의 판매 로열티도 받는다 임상 연구센터 당뇨내분비내과 총괄 샘 엥겔  박사는 에피노페그듀타이드의 상 임상 데이터는 이 후보물질이  치료제로서 개발될 수 있는 주목할 만한 임상적 근거를 제시하고 있다면서 는 이 후보물질 개발을 계속하며 대사질환 치료를 위한 의미 있는 의약품 개발이라는 우리의 사명을 지속해 나갈 것이라고 말했다권세창 한미약품 대표이사 사장은 비만당뇨 치료 신약으로 개발되던 바이오신약 후보물질이 를 포함한 만성 대사성 질환 치료제로의 확대 개발 가능성을 인정받고 새로운 파트너십을 맺었다는데 큰 의미가 있다며 신약개발 영역에서 빈번히 발생할 수 있는 실패가 새로운 혁신을 창출한 성과로 이어질 수 있다는 점을 보여준 것이라고 말했다이어 대사질환 영역에 전문성을 갖고 있는 와 함께 혁신적인  치료 신약을 개발할 수 있도록 최선을 다하겠다며 고 임성기 회장님의 뜻을 이어받아 신약개발을 위한 를 중단 없이 계속 이어나가겠다고 말했다데일리안 최승근 기자  주데일리안  무단전재 변형 무단배포 금지,생활/문화
혼다 오딧세이 혼다 오딧세이강희수 기자 혼다코리아가 월에 오딧세이 사면 만 원의 유류비를 지원한다 어코드 터보는 폭을 더해 만 원을 지원한다혼다코리아대표이사 이지홍는 이 같은 혜택이 담긴  썸머 프로모션을 월 한달 간 실시한다혼다 전 차종에 공통적으로 해당되는 프로모션은 엔진오일 및 엔진오일 필터를 평생 동안 무상으로 교환할 수 있는 평생 엔진오일 쿠폰 지급이다 이와는 별도로 어코드 터보와 오딧세이 구매시에는 유류비 지원이 뒤따른다재구매일 때는 전 차종 만원 할인 뉴  터보를 구매하면 만원 추가 할인이 적용돼 총 만원 할인 혜택을 받을 수 있다더불어 혼다코리아는 여름 휴가철을 맞아 어코드 터보 오딧세이 뉴  터보 등 개 차종 대상으로 월 한달 간 시승 이벤트도 연다 ,생활/문화
장마전선이 중부지방에 머물면서 경기도와 충청도 강원도 등 중부지방에는 연일 큰비가 내리고 있다 반면 남부 지방은 폭염과 열대야가 지속되고 있는 가운데 한쪽은 높은 습도로 인해 다른 한쪽은 무더위로 에어컨 등 냉방기 사용량이 급증하고 있어 건강 관리에 주의가 당부되고 있다평상시 우리 몸은 자가 건강관리시스템이 돌아가면서 바이러스나 세균 등 외부 사기의 위협에 방어를 하게 된다 보통 이러한 시스템을 두고 바로 면역력이라 부른다면역력이란 상술했듯 외부에서 우리 몸으로 들어오는 사기에 저항하는 방어기제로 예를 들면 혈액을 볼 수 있다 혈액은 혈장 적혈구 혈소판 백혈구로 구성돼 있는데 이중 혈소판과 백혈구는 각각 지혈작용과 외부물질에 대한 대항자 역할을 하는 면역력 물질에 속한다그런데 이 면역력이 내외부적 요인으로 저하될 경우 제 기능을 하지 못하게 되면 각종 질병의 위협에 고스란히 놓이게 된다 말하자면 경비인력이 사라진 은행에 도둑이 침입한 셈 보통 이러한 면역력 저하를 유발하는 요인으로는 노화 와병 과도한 스트레스 피로누적 큰 일교차 등이 있는데 바로 여름철 과도한 냉방이 인위적인 일교차를 유발해 체내 면역력 저하를 촉진하게 되는 것그리고 이처럼 면역력이 떨어질 때 호발하는 질환 중 대표적인 것이 바로 안면마비 질환 구안와사다 보통 찬 데서 자면 입 돌아가는 병으로 알려진 구안와사는 그 병명처럼 외견상 눈과 입 등 주위 근육이 틀어지고 비뚤어지는 등 안면마비 증상이 나타나는 질환으로 보편적으로 기온차가 큰 환절기나 추운 겨울철에 호발하는 것으로 알려졌다그러나 여름철에도 과도한 냉방으로 인해 지속적으로 인위적인 일교차가 발생하고 이에 계속 놓이게 되면서 우리 몸이 큰 실내외 기온차에 적응을 하지 못하고 자율신경계가 교란 면역력 저하 현상이 일어나게 되며 따라서 대표적인 면역력 저하 질환이자 안면마비 질환인 구안와사가 나타날 가능성이 높아지게 된다건강보험심사평가원 통계에 따르면 연간 약 만명가량의 구안와사 유병인원이 발생하고 있으며 한의학 통계에 따르면 이러한 안면마비 질환 구안와사의 치료 기간은 평균 주 정도로 나타나고 있다 그런데 이 주라는 치료 기간은 발병 초기 골든타임을 놓치지 않았을 경우이며 이러한 치료 적기를 놓칠 경우 구안와사 후유증이 나타날 가능성이 높으며 이에 대한 치료 기간은 수개월에서 년 이상 소요될 수 있다따라서 평소 생활관리를 통해 면역력을 관리하고 병증을 예방하는 것이 좋다 특히 여름철에는  적절한 냉방 온도 유지  주기적인 실내외 환기를 실천하고  실내에서 착용할 겉옷 등을 비치해 착용하는 것 또한 도움이 된다만약 본인에게  미각 소실  혓바닥의 코팅감  눈을 감고 뜨는 것의 불편감  양치 중 혹은 음수 중 물이 입꼬리로 새어 나오는 증상  이유 없이 눈물이 나는 증상 등이 수일 이상 나타날 경우 이는 안면마비 질환 구안와사의 전조증상일 가능성이 높으므로 한의원 등 구안와사 치료 전문 의료기관을 내원하는 것이 좋다글  단아안한의원 성동점 동서한의원 고재철 원장  스포츠조선  무단 전재 및 재배포 금지,생활/문화
한국스포츠협회 김철학 사무총장김철학 사무총장은 코로나 시대에 스포츠도 큰 변화를 겪을 것이라 전망했다한국스포츠협회 김철학 사무총장지디넷코리아김한준 기자스포츠 산업은 언택트 시대에 새로운 가능성을 엿보고 있다일 서울 마포구 상암동 스포츠 명예의전당에서 진행된 토론회에서 한국스포츠협회 김철학 사무총장은 코로나 확산이 불러온 언택트 시대로 인한 일상의 변화가 스포츠 산업에도 영향을 줄 것이라고 내다봤다코로나 확산 이후 각종 공연과 전시가 무기한 연기되고 오프라인 행사 역시 연기되거나 취소되는 등 물리적 거리두기의 필요성이 대두되면서 스포츠 산업은 새로운 가능성을 엿보고 있다실제로 리그오브레전드 챔피언스 코리아 스프링 스플릿의 경우 일평균 시청자 수는 만 명으로 지난해보다  늘어났다 코로나로 현장 관람이 줄어들면서 시간과 공간의 제약 없이 어디서나 접할 수 있는 스포츠의 특징이 발휘된 것이다김철학 사무총장은 최근 온라인 스포츠 대회가 늘어나는 현상이 일시적인 것이 아니라고 전망했다김 사무총장은 코로나가 앞으로 온라인 스포츠 대회 활성화의 계기로 보고 있다 대부분의 경기가 온라인으로 진행될 것이며 이로 인해 배틀리카나 레벨업지지 같은 대진 플랫폼도 활성화 될 것으로 예상한다라고 말했다또한 온라인 대회로 진행되는만큼 공정성 확립에 대한 필요성이 대두될 것이다 스포츠 전문인력에 대한 중요성이 증가하는만큼 이런 부분을 해결하는 것이 한국스포츠협회의 숙제다라고 말했다대회의 형태 외에도 스포츠 콘텐츠도 변화할 것이라는 전망과 기존 스포츠와 스포츠의 접점이 늘어날 것이라는 전망도 이어졌다김철학 사무총장은 온라인으로 진행되는만큼 대회 콘텐츠에 대한 접근성이 증가함에 따라 퍼블리시티권과 콘텐츠 소유권 분쟁 가능성이 높아질 것으로 본다라며 이 밖에도 스타 선수 발굴 문제와 비대면 경기 진행으로 인해 낮아질 팬과 선수의 친밀도를 높이는 방안을 고민 중이다라고 설명했다아울러 이 비대면 대회로 전환하고 피파와 일렉트로닉아츠가 콘솔 축구게임 피파 시리즈로 월드컵을 개최하는 등 기존 스포츠와 스포츠의 접점이 늘어나고 있다 이를 계기로 스포츠의 올림픽 종목화 논의를 더욱 활성화 할 계획이다라고 말했다김 사무총장은 스포츠의 올림픽 종목화를 위해서는 선행되야 할 과제가 있다는 설명을 덧붙였다 지역마다 큰 차이가 있는 경기 운영규정이나 단계별 선수선발 규정 선수등록 등 다양한 제도를 정비해야 하며 선수 권익보호를 위한 사회적 보호장치 구축도 필요하다는 이야기였다향후 한국스포츠협회는 온라인 아마추어 스포츠를 지원하고 스포츠 전문인력을 양성하는데 집중한다는 계획이다이를 위해 올해부터 문화체육관광부로부터 스포츠 시설로 지정된 방을 적극 활용하며 아마추어 대회를 안정적으로 운영하기 위한 전문가를 양성하기 위해 향후 스포츠 아카데미와 스포츠 심판 양성 프로그램을 운영하겠다는 방침이다김철학 사무총장은 향후 스포츠를 이끌어가는 주체가 선수가 될 것이라는 의견도 밝혀 눈길을 끌었다김 사무총장은 스포츠 산업 초기에는 대회를 만드는 주최사가 발전을 주도했다 그 후에는 방송사가 이끌었으며 기업이 프로팀을 창단하면서부터는 이들이 다양한 변화를 주도했다게임사가 지적재산권을 강조하며 스포츠 가치를 체험한 후에는 각 게임사가 스포츠 산업에 투자를 늘려갔다라고 말했다아울러 온라인을 통한 팬과의 소통이 더욱 활성화되고 온라인 국제대회가 활성화되면 선수들이 활동할 수 있는 발판이 마련될 것이다 이렇게 되면 제의 임요환 이상혁도 나오지 않을까 한다 선수들이 시장을 이끄는 역할을 하는 경우도 커질 것이다라고 전망했다김한준 기자메가뉴스     무단전재 및 재배포 금지,IT/과학
네이버한국교육학술정보원 인공지능 생태계 조성 및 원격 교육 개선을 위해 업무협약 체결지디넷코리아김민선 기자네이버와 네이버 비즈니스 플랫폼이 한국교육학술정보원와 인공지능 교육 생태계 조성과 원격교육 환경 개선을 위해 업무협약을 체결했다고 일 밝혔다협약식은 코로나 확산 방지를 위해 비대면 방식으로 진행됐다이번 협약 체결을 통해 학교 현장에서는 보다 나은 원격교육 서비스 환경을 구축할 수 있을 것으로 전망된다 또 교원과 학생이 쉽게 접근하고 활용할 수 있는  교육 생태계도 만들어질 것으로 기대된다는 네이버 클라우드 플랫폼 상에서 온라인 개학 플랫폼인 학습터와 위두랑을 운영하는 기관이다 는 지난 월 온라인 개학 당시 와의 신속하고 체계적인 협업을 통해 만명 이상이 동시 접속할 수 있는 클라우드 기반 학습터를 단기간에 구축한 바 있다 이후 는 자사 클라우드를 교육 현장에 확산하는 방안을 검토해왔다또한 개 기관은 교원의 인공지능 역량 강화뿐 아니라 학생들이 네이버의  플랫폼을 체험 기회를 약속했다 는 네이버의 인공지능 기술의 교육 분야 도입 및 적용 확산을 위해 을 활용한 고등학생 온라인 체험대회를 개최할 계획이다 는 이 대회에 클라우드 인프라 서비스를 제공할 예정이다 또한 비대면 교육 지원을 위해  클로바 더빙 등 최신 기술 도입한다박혜자  원장은 이번 협약을 모든 국민이 인공지능을 쉽게 활용할 수 있는 발판을 마련하고  교육이 학교 현장에 뿌리내릴 수 있는 기회로 삼을 것이라며 인공지능 교육으로 포스트 코로나 시대를 이끌어 나가고 원격교육을 포함한 학교교육의 개선을 위해 개 기관이 힘을 모을 것이라고 밝혔다한성숙 네이버 대표는 와의 협약을 통해 네이버가 그동안 연구해 온 최신  기술을 미래 인재 육성에 활용할 수 있게 됐다면서 앞으로도  교육 활성화를 위해 적극적인 지원을 아끼지 않을 것이라고 말했다박원기  대표는 는 학습터를 적극적으로 지원한 것과 마찬가지로 네이버 클라우드 플랫폼이 교육분야 중 특히 원격 교육에서 안정적으로 활용될 수 있도록 향후에도 지속적인 기술 및 인프라 지원을 약속하겠다고 설명했다김민선 기자메가뉴스     무단전재 및 재배포 금지,IT/과학
삼성 서초사옥 사진지디넷코리아지디넷코리아차재서 기자대 국회가 본궤도에 오르면서 삼성생명이 궁지에 내몰렸다 삼성 금융계열사의 삼성전자 지분 보유를 제한하는 이른바 삼성생명법이 다시 핵심 쟁점으로 떠올랐기 때문이다수년간 공회전을 거듭한 사안이지만 올해는 정부와 여당이 법안의 필요성에 공감대를 형성한 상태라 삼성생명으로서는 서둘러 대응책을 모색해야 하는 처지가 됐다일 금융권에 따르면 국회가 보험업법 개정 논의를 본격화하자 삼성생명은 정치권 동향에 촉각을 곤두세우고 있다더불어민주당의 박용진이용우 의원 등이 발의한 보험업법 개정안은 보험사의 계열사 채권과 주식 보유한도 산정할 때 그 기준을 취득원가가 아닌 공정가액시가으로 하자는 내용이 골자다이는  외환위기 이후 우리나라의 모든 회계처리를 시가로 평가하도록 했으나 보험사만 이를 원가로 계산해 형평성 시비가 일고 있다는 진단에서다 현행 보험업법에선 보험사가 계열사 채권과 주식에 투자할 수 있는 한도를 총자산의 로 제한하는데 이를 취득원가로 계산한다는 게 그간의 논쟁거리였다삼성생명은 불편해하는 눈치다 지금은 삼성전자 주식을 들고 있는 데 아무런 제약이 없지만 법안이 처리되면 상당량을 처분해야 하는 탓이다분기말 기준 삼성생명은 지분 약 억만주를 보유하고 있다 대부분 년 이전에 취득해 원가는 천억원에 불과하나 시가로는 조천억원에 이른다 같은 기간 이 회사의 총자산인 약 조원의 에 해당하는 규모다따라서 업계에서는 보험업법 개정 시 삼성생명이 약 조원 규모의 삼성전자 지분을 팔아야할 것으로 내다보고 있다 개정안에 삼성생명법이란 별칭이 붙은 것은 바로 이 때문이다사실 이 법안은 대 국회 때도 발의됐으나 야당의 반대로 폐기됐다 그러나 이번엔 석을 확보한 여당이 팔을 걷어붙이고 나선 데다 금융위원회까지 힘을 실어주면서 법안 처리 가능성이 어느 때보다 커진 상황이다지난 월일 국회 정무위원회 업무보고에서 박용진 의원은 보험업법엔 총자산  이상의 계열사 지분을 확보하지 못하도록 돼 있지만 삼성생명은 삼성전자 지분을  이상 갖고 있다며 법 개정의 필요성을 역설했다이어 삼성생명의 총자산 중 주식이 차지하는 비중이 인데 다른 생명보험사의 총자산 대비 주식 비중은 로 미미한 수준이라며 나중에 삼성전자에 위기가 오면 삼성생명이 우리 경제의 슈퍼 전파자가 될 것이라고 지적하기도 했다은성수 금융위원장 역시 그동안 강제할 만한 수단이 없어 삼성생명 측에 자발적 개선 노력이 바람직하다고 환기시켰다면서도 산정 기준을 시가로 바꿔 제 때 위험성을 파악하도록 하는 방향성에 대해선 동의한다는 견해를 내비쳤다다만 삼성생명 측은 대안을 마련하기까진 시간이 필요하다는 입장이다 아직 법안이 처리되지 않았고 간단한 문제도 아니라는 이유에서다 지분 매각 시 삼성생명에서 삼성전자로 이어지는 그룹 지배구조에 변화가 불가피한 만큼 신중을 기하는 것으로 보인다덧붙여 삼성생명으로서는 삼성전자를 대체할 만한 투자 대상을 찾는 것도 고민거리다 지난해 삼성생명은 삼성전자로부터 천억원의 배당금수익을 거둔 바 있다삼성생명 관계자는 국회에서 논의가 진행 중인 만큼 지금으로서는 추이를 지켜보는 상황이라며 향후 처리될 법안에 맞춰 현실적인 대응책을 마련할 것이라고 말했다차재서 기자메가뉴스     무단전재 및 재배포 금지,IT/과학
이현우오른쪽 김준우 크로스앵글 공동대표가 지난달 일 서울 강남 패스트파이브 논현점에서 한국경제신문과 인터뷰하고 있다 김범준 기자  이현우오른쪽 김준우 크로스앵글 공동대표가 지난달 일 서울 강남 패스트파이브 논현점에서 한국경제신문과 인터뷰하고 있다 김범준 기자 투자자 판단 돕는 서비스억원 투자 유치비트코인 등 가상화폐 투자를 바라보는 시선은 여전히 곱지 않다 묻지마 투자의 온상이라는 눈총을 받는다 많은 사람이 가상화폐를 발행한 프로젝트를 자세히 알아보지도 않고 장단기 가격 추세만 보고 투자하기도 한다 크로스앵글의 쟁글은 이 같은 문제를 해결하기 위해 나온 서비스다 주식시장의 전자공시시스템 다트와 비슷한 가상자산 공시 플랫폼이다이현우 크로스앵글 공동대표는 기존 가상자산 시장에서는 가상화폐를 발행한 프로젝트와 투자자 사이 정보 비대칭성이 강해 투기 비중이 높았다며 세계 투자 주체들에게 투명한 정보를 전달할 수 있는 공시 플랫폼을 구축하고 있다고 말했다쟁글에서는 개 이상의 가상화폐 프로젝트와 관련한 공시 정보를 볼 수 있다 개 이상의 발행주체가 관련 정보를 입력하고 있다 잘못된 정보를 올렸을 때의 제재도 있다 정정공시를 올리게 하고 기존 공시는 빨간색으로 표기해 투자자의 정확한 판단을 돕는다 크로스앵글이 파트너십을 맺은 여 곳의 가상화폐거래소에 잘못된 정보를 올렸다는 사실을 공유하기도 한다쟁글은 블록체인상에 기록된 데이터도 제공한다 쟁글과 같은 플랫폼 없이도 투자자가 확인할 수 있는 정보지만 쟁글의 차별점은 투자자가 보기 쉽게 직관적으로 데이터를 전달한다는 데 있다 이 대표는 접근하기 까다롭고 어려웠던 데이터를 일반 투자자가 쉽게 모니터링할 수 있도록 시각화했다고 말했다크로스앵글은 최근 신용도 평가 서비스도 선보였다 글로벌 신용평가 회사인  무디스 등처럼 프로젝트를   등으로 평가한다 보다 깊이 있는 정보를 담은 콘텐츠도 개발하고 있다 나라별 규제 상황 가상화폐 시장 동향 등을 정리해 사용자에게 전달한다크로스앵글은 쟁글을 세계에서 통할 만한 공시 플랫폼으로 키우는 것이 목표다 가상화폐 공시 플랫폼을 선보인 것도 크로스앵글이 처음이다 이 대표는 가상화폐는 특정 국가에 귀속된 것이 아니기 때문에 주식시장처럼 국가가 법률을 통해 공시 제도를 운영하기 어렵다며 스타트업이 개발한 똘똘한 서비스가 통할 분야라고 봤다고 말했다 쟁글은 영어 한국어 일본어 등 개 언어를 지원하고 있다크로스앵글은 년 설립한 초기 스타트업이다 국내 증권사와 삼성전자 전략팀을 거친 김준우 공동대표와 오픈서베이 공동창업자인 이 공동대표 블록체인 업계에서 일해온 박해민 공동대표가 힘을 합쳤다 창업 노하우 블록체인 기술력 전통 금융시장에 대한 이해가 크로스앵글 운영에 녹아들었다크로스앵글은 최근 시장에서 인정받는 단계에 접어들었다 지난달 한화투자증권으로부터 억원 규모의 투자시리즈를 유치했다 쟁글에서 공시를 입력하는 프로젝트와 제휴 관계를 맺은 가상화폐거래소도 늘어나고 있다최한종 기자  한국경제    무단전재 및 재배포 금지,IT/과학
출처 동아일보  출처 동아일보 출처  출처 출처 업라이트 고 출처 업라이트 고출처 알렉스 플러스 출처 알렉스 플러스목 주변 근육 이완하기  목 뒷부분 목 주변 근육 이완하기  목 뒷부분목 주변 근육 이완하기  목 앞부분 목 주변 근육 이완하기  목 앞부분목 주변 근육 이완하기  의자에 앉아 흉추 돌리기 목 주변 근육 이완하기  의자에 앉아 흉추 돌리기목 근육 강화하기  고개 숙여 힘주기 목 근육 강화하기  고개 숙여 힘주기목 근육 강화하기  머리 뒤로 밀기 목 근육 강화하기  머리 뒤로 밀기목 근육 강화하기  목 회전하고 숙여 힘주기 목 근육 강화하기  목 회전하고 숙여 힘주기목 근육 강화하기  책상 당기고 어깨 으쓱하기 목 근육 강화하기  책상 당기고 어깨 으쓱하기목 근육 강화하기  물병 들고 어깨 으쓱하기 목 근육 강화하기  물병 들고 어깨 으쓱하기한번쯤 학창 시절 꾸벅 꾸벅 졸다가 책상에 머리를 부딪힌 경험이 있을 것이다 우리 몸에는 수많은 감각 기관이 있는데 특히 목 뒷부분에는 목 위치를 알려주는 고유수용감각들이 우리 인체 중에서 많이 존재한다 고유수용감각의 역할은 책상에 졸고 있는 머리 위치를 빠르게 원래 위치로 돌려놓는다 이러한 신경계 반응 때문에 우리는 의자에 앉아서 졸더라도 책상에 부딪히지 않는다한마디로 인체는 자세 정렬을 위해 보이지 않게 계속 일한다 하지만 목이 가지고 있는 원래의 자세 정렬 위치를 벗어나 하루 종일 사무실에서 모니터와 싸운다면 목 위치를 조정하는 고유수용감각들은 그 기능을 잃어 버린다 결국 어느 순간 거북목으로 변하는 이유다년 인터넷 과의존 실태조사에 따르면 거북목 증후군은 인터넷과  기기 보급으로 인해 발생할 확률이 높으며 특히 대가 고통 받는 것으로 나타났다 그까짓 목 통증이라고 대수롭지 않게 생각할 수 있다 하지만 한 살한살 나이를 먹을수록 뒷목에서 느껴지는 뻣뻣함과 불편함은 심각한 목디스크 관련 질환으로 진행할 수 있다 즉 젊을 때부터 건강한 목 관리에 신경써야만 한다지난 년 건강보험심사평가원이 목디스크 관련 질환에 대해 지난 년간년 분석한 심사결정자료를 살펴보자 년 진료인원은 약 만 명으로 년약 만 명과 비교해 증가했다 좀더 자세히 살펴보면 퇴행성 질환인 목디스크 및 경추통은 대 중장년층이 를 차지했고 스마트폰인터넷 과의존으로 인한 거북목 증후군은 대가 를 차지했다주목할만한 통계는 그 다음이다 대는 거북목 증후군 증상을 느끼더라도 바로 병원을 방문하지 않는다 목디스크 및 경추통 등으로 증상이 심화되었을 때 병원을 방문한다 심각하지 않다고 생각하기 때문이다거북목 증후군을 방치하면 목뼈경추의 자형 곡선 형태가 구부정한 자세로 인해 자 혹은 역 자형으로 변형한다 목 중심이 거북이처럼 앞쪽으로 나오는 이유다 이같은 자세를 지속하면 목에 걸리는 하중이 지속적으로 증가한다 정상적일 때 받는 하중은  이지만 방치할 경우   까지 증가한다 이는 곧 만성적인 목 불편함과 골격 변형으로 이어질 수 있다 이러한 하중의 변화는 경추와 어깨 주위 근육에 과도한 긴장 상태를 발생시킨다 결과적으로 뒷목과 어깨에 통증을 유발하거나 두통까지 연결시킬 수 있다거북목 증후군과 같은 자세의 부정렬이 근골격계 질환 원인으로 알려짐에 따라 이를 대비할 수 있는 방법도 다양하게 등장했다 거북목을 고칠 수 있는 근본적인 방법은 자세 교정이다 잠시 통증을 없앨 수 있는 마사지 기기도 넘쳐나지만 문제의 근원인 자세가 바뀌지 않는다면 통증은 사라지지 않는다바른 자세를 계속 유지할 수 있도록 돕는 업라이트 고 는 경추 뒤쪽에 부착해 스마트폰과 연동 바른 자세 정렬을 유지하지 못 할 때마다 진동을 일으킨다 사용자가 다시 바른 자세 정렬을 유지하도록 유도하는 방식이다 일하거나 집중할 때 구부정하게 바귀는 자세를 센서로 감지해 의식적으로 자세를 교정해 나가는 효과다 또한 하루 중 본인의 자세를 앱을 통해 모니터링 할 수 있어 교정해 나가는 모습을 스스로 파악할 수 있다알렉스 플러스는 귀에 걸어 착용하는 제품이다 센서가 자연스럽게 목 뒷부분에 위치해 거북목 같은 자세를 감지한다 전용 앱으로 사용자 목 상태 정렬을 동기화한 후 자세에 문제가 있을 경우 진동을 통해 알려준다 너무 오래 앉아 있을 경우에도 진동으로 알려준다 바른 자세를 유지하고 개선할 수 있도록 코칭프로그램도 매일 제공한다다음은 일상 속에서 거북목을 방지하기 위한 스트레칭 방법 몇 가지를 소개한다허리를 반듯하게 세운 후 양손으로 깍지를 끼고 머리 뒤에 손을 댄다 양쪽 손 엄지 손가락으로 목 뒷덜미를 지긋이 누른다 이때 목을 천천히 숙였다 젖히기를 반복하며턱을 최대한 가슴쪽으로 당김 엄지 손가락으로 목덜미 아래 방향을 누른 후 미끄러지듯이 내려간다 호흡은 편하게 진행하고 회씩 번 반복한다가슴 안쪽 쇄골 시작 부위를 양손가락을 모아 누른 후 천천히 목을 뒤로 젖힌 뒤 원위치한다 호흡은 목을 뒤로 젖힐 때 내뱉고 원위치할 때 들이 마신다 이때 허리는 반듯하게 펴고 회씩 번 반복한다허리를 바로 세운 뒤 양손을 깍지 끼고 머리 뒤에 댄다 이후 팔꿈치를 좌우로 벌려 고정한다 천천히 호흡을 내뱉으며 스스로 움직일 수 있는 만큼 부드럽게 좌측으로 회전 우측으로 회전하며 총 회를 번 반복한다가슴 앞으로 양손을 모아 깍지 낀 후 엄지 손가락으로 턱을 받친다 최대한 고개를 숙여 턱을 가슴쪽으로 누른다 엄지손가락으로는 반대로 힘을 주어 버틴다 고개를 누르는 힘과 엄지손가락이 턱을 밀어내는 힘을 느끼며 초간 버텨준다 초 정도 휴식 후 총 번 반복한다허리를 바로 세운 후 양손을 깍지 껴 머리 뒤에 댄 뒤 턱을 당겨 고정한다 이때 턱을 들지 말아야 한다 머리를 뒤로 기대어 힘을 주고 초간 버텨준다 초 정도 휴식 후 총 번 반복한다허리를 바로 세운 후 목을 천천히 좌측으로 돌려 턱을 왼쪽 쇄골 부분에 닿게 숙여 준다 이때 오른손 엄지 손가락으로 턱을 받친 후 힘을 주며 초간 버틴다 반대쪽으로도 동일한 방법으로 운동한다 초 정도 휴식 후 총 번 반복한다일어서서 허리 곧게 편 후 양손을 살짝 넓게 벌려 책상을 잡는다 양 손을 곧게 편 상태에서 힘을 주어 어깨를 으쓱해 힘을 주어 초간 버텨준다 양쪽 날개뼈견갑골가 위 방향으로 모이듯이 힘을 주는 것이 포인트다 이때 반드시 가슴을 펴야 한다 초 정도 휴식 후 총 번 반복한다 생수병을 양쪽 손에 잡고 허리를 곧게 편 후 양손을 조금 넓게 벌린다 가슴을 편 상태에서 양쪽 날개뼈를 위 방향으로 모으듯 힘을 주고 으쓱 으쓱하며 천천히 어깨를 들어 올렸다 내렸다를 반복한다 목 뒤 승모근이 뻐근할 정도로 회씩 번 반복한다필자  엘제이 메디컬 트레이닝센터 이재 원장년간 트레이닝 현장에서 경험을 쌓은 필자는 현재 스포츠의학 기반 엘제이 메디컬 트레이닝 센터를 운영하고 있다 차의과학대학원에서 스포츠의학박사 학위를 받았으며 일반인 재활운동 및 선수 부상 예방과 퍼포먼스 향상을 위한 과학적인 트레이닝을 하고 있다 또한 사무직 종사자들의 근골격계 질환 예방을 위한 스마트 운동법을 마이크로소프트한국 외 다수 기업을 대상으로 강의하고 있으며 만성통증 완화를 위한 어르신들의 움직임 회복 운동 등을 트레이닝하고 있다동아갓컴 전문 권명관 기자  동아일보   무단 전재 및 재배포 금지,IT/과학
배달 애플리케이션에서 주문한 음식을 자율주행로봇을 통해 받는 사례가 확산되고 있다 세대 통신망을 구축 중인 이동통신 사가 물류배송 영역으로 서비스 경쟁을 펼치면서 또 다른 격전을 예고하고 있다 통신망과 물류 유통망 결합이 이뤄지면서 언택트비대면 사업의 새로운 돌파구가 될 수 있을지 관심이 쏠린다텔레콤은 일 배달의민족 운영사인 우아한형제들과  기반 스마트 로봇 및 모바일에지컴퓨팅을 활용한 사업 협력에 관한 업무협약을 체결했다고 밝혔다 우아한형제들의 스마트 로봇 딜리버리 서비스에 텔레콤의   클라우드 플랫폼 에지 클라우드 및 통신망 운용 노하우를 접목해 무인 유통 시스템을 구축하겠다는 계획이다우아한형제들은 실내 자율주행 서빙 로봇 딜리플레이트 실내 자율주행 층간 이동 배달 로봇 딜리타워 실외 자율주행 배달 로봇 딜리드라이브 등을 운영하고 있다 여기에 현장에서 바로 데이터를 처리해 지연을 줄이는   기술을 적용하면 보다 세밀한 자율주행이 가능해질 것이라는 기대다텔레콤과 우아한형제들은 경기도 수원시 광교 지역에서  망을 기반으로 구동되는 우아한형제들의 딜리드라이브 활용 배달 서비스를  및 클라우드 기반으로 고도화한다 이를 위해 지난 월부터 건국대 서울캠퍼스에서 딜리드라이브에  를 적용하는 테스트를 진행했고 올해 로봇 배달 시범 서비스를 건국대 캠퍼스에서 실행할 예정이다지난달 일부터 온라인으로 휴대폰을 주문하면 근처 매장 직원이 찾아오는 바로도착 서비스를 시행하는 등 유통망에 관심을 가져온 텔레콤 관계자는 이동통신과 배달 분야 위 사업자 역량을 합쳐 고객에게 더 큰 편익을 제공하겠다고 말했다다른 이동통신사들 역시 배송 서비스에 공을 들이고 있다 는 지난 월 실시간 배송 서비스 부릉을 운영하는 메쉬코리아와 물류 서비스 혁신을 위한 전략적 업무협약을 맺고 분 주문과 시간 배송 서비스를 하고 있다 말 그대로 분 내에 휴대폰 주문을 하면 시간 내에 배송이 이뤄진다는 의미다 지난달 일 가 조사한 결과 현재 시간 배송 서비스에 소요되는 평균 시간은 분으로 나타났다 각 대리점 유휴 공간에는 무인함 전문 제조사인 스마트큐브와 함께 만든 반값 보관함이 배치돼 고객들은 지하철 역사 내 보관함 절반 가격에 물건을 보관하거나 택배를 보낼 수 있다는 서부물류센터에  자율주행 운반 카트를 도입하기도 했다 자율주행으로 이동하는 선행 카트 나르고와 이와 함께 주행하는 후행 카트 따르고는 대규모 물류센터나 소규모 물류 창고 등에서 작업자의 이동과 접촉을 최소화하고 업무 효율성을 높여준다유플러스는 고객이 자사 공식 온라인몰인 유샵에서 휴대폰을 구매하면 전문 컨설턴트가 해당 상품을 개통한 뒤 곧바로 가져다주는 프리미엄 배송 서비스를 개통 대행사인 모비즈컴 등과 함께 진행해왔다 오는 일부터는 배송뿐 아니라 개통 지원 데이터 이전 등 기반 서비스까지 처리해주는 찾아가는 배송 서비스로 대체해 강화할 예정이다이용익 기자 매일경제   무단전재 및 재배포 금지,IT/과학
온라인에서 신뢰와 창의가 넘치는 금융 공간을 만들고 싶습니다크라우드펀딩 플랫폼 크라우디는 일반인과 스타트업을 연결해주는 네트워크 스타트업이다 소비자에게 후원을 받아 프로젝트 목표를 달성하면 제품서비스를 받는 리워드형은 약 건 일반인 투자자가 십시일반 돈을 모아 스타트업의 비상장 주식을 발행하는 투자형은 건을 성공시켰다크라우디는 년 월 호주뉴질랜드은행 한국지점 대표와 뱅크오브아메리카 한국지점 대표를 지낸 김기석 공동대표와 모건스탠리스탠다드차타드 등에서 임원을 역임한 김주원 공동대표사진가 설립한 크라우드펀딩 플랫폼이다김주원 대표는 경기 성남 대왕판교로에 있는 본사에서 기자와 만나 확실한 가치를 보유한 제품과 서비스 스타트업을 찾아내는 것이 크라우디의 핵심 가치라고 강조했다 그는 플랫폼 제공자는 투자 손실이나 허위 공시에 책임이 없지만 크라우디는 인증 획득 여부 충분한 재고 여부 등을 확인한다면서 특히 지식재산권을 갖추고 있는지 제조 배송 이력이 있는지를 검토하고 그 여부를 정확히 공지한다고 설명했다이 같은 철학으로 플랫폼을 운영한 결과 지금껏 채권형 부도율이 제로라는 것이 김주원 대표 설명이다 크라우디의 누적 펀딩 규모는 년 억원에서 년 억원 년 월 말 현재 억원으로 상승 곡선을 그리고 있다크라우디는 현재 배우 송중기김태리진선규가 주연을 맡고 억원이 투입된 블록버스터 영화 승리호에 대한 크라우드펀딩도 진행하고 있다 한국영화승리호주식회사라는 특수목적법인을 통해 투자가 이뤄지며 영화 매출을 기준으로 수익을 배분하는 방식이다김주원 대표는 크라우드펀딩 플랫폼의 의미는 진정한 가치를 보유한 스타트업을 발굴하는 데 있다면서 소비자에게 신뢰를 받을 수 있는 스타트업 명품관으로 발전시켜 나가겠다고 말했다이상덕 기자 매일경제   무단전재 및 재배포 금지,IT/과학
대학생 스포츠리그 챌린지에서 년 우승 트로피를 차지하기 위한 본격적인 레이싱이 시작됐다  온라인 게임 카트라이더 모바일 버전인 카트라이더 러쉬플러스를 즐기는 대학생들이 예선전에 나섰다코로나로 인해 방역이 중요해진 만큼 올해 챌린지는 지역별 예선전부터 언택트비대면로 진행됐다 지난 일 서울 경기 인천권을 포함하는 권역에서는 무려 명의 선수가 출전해 치열한 경쟁을 펼친 끝에 박효준인천대오규빈유원대 선수가 결승 티켓을 거머쥐었다 일 열린 대전 충남 충북 강원권 권역 예선에서도 명의 선수가 참가해 이현호세한대박진웅대구한의대 선수가 영광을 안았다오는 일 광주 전남 전북 제주 권역과 일 부산 대구 울산 경남 경북 권역 예선전을 거쳐 총 명의 선수가 일 서울 선릉 아레나에서 열리는 결승전에 올라간다 결승전은 트위치와 매일경제 유튜브 채널에서 생중계된다 챌린지는 매일경제신문과 이 주최하며 스포츠 전문 기획사 더플레이가 주관하고 게임사 넥슨이 후원한다 상위 입상자에게는 상금과 세대 스마트폰 갤럭시 퀀텀이 지급된다 경기와 관련한 자세한 사항은 대회 홈페이지를 참조하면 된다이용익 기자 매일경제   무단전재 및 재배포 금지,IT/과학
광주시청 홈페이지 개편광주시 제공 재판매 및  금지 광주시청 홈페이지 개편광주시 제공 재판매 및  금지경기 광주연합뉴스 최찬흥 기자  경기 광주시는 일부터 홈페이지를 개편해 시민청원광장을 운영한다고 일 밝혔다시민청원광장은 주요 정책 현안 이슈 개선사항 등에 대해 자유롭게 의견을 표현하고 시정에 참여할 수 있는 공간이다등록된 청원에 일 동안 천명 이상의 시민이 동의하면 신동헌 시장이 직접 답변한다개편하는 홈페이지는 열린시장실 코너의 디자인 개선으로 시정 활동을 현장감 있게 제공하고 광주사랑카드와 광주민원콜센터 안내 페이지 등을 신설했다,IT/과학
파이낸셜뉴스 구현모  대표가 통신에 기반을 둔 플랫폼 사업자로의 전환을 주문했다일 에 따르면 구 대표는 최근 임직원에게 보낸 이메일에서 신종 코로나바이러스 감염증 경기침체 산업 간 융합 등 복잡한 환경 속에서도 에 내실 있는 변화 근본적 변화가 시작되고 있다며 통신사업자에 머물지 않고 통신에 기반을 둔 플랫폼 사업자로 바뀌어야 계속 성장하고 발전할 수 있다고 말했다통신 기반 플랫폼 사업자로의 변화를 위한 핵심 인프라이자 플랫폼으로는 세대 통신과 인공지능을 꼽았다 구 대표는 는  빅데이터 클라우드 등과 연계해 다른 산업의 디지털 전환을 이끄는 핵심 인프라라며 우리는 이를 통해 기업 간 거래 시장에서 성장 기회를 찾고 그 잠재력을 현실로 바꿔가야 한다고 설명했다특히 구 대표는  기술을 바탕으로 한  콜센터 효율화 경험은 다른 회사로 확산하고 있다며  원팀을 통해 중공업 금융 전자 등 다양한 산업에서 혁신을 이끌 것이라고 강조했다올 하반기 는 케이뱅크를 정식으로 그룹사로 포함하고 올해 월 억원을 투자해 대 주주가 된 현대로보틱스와의 협력도 구체화할 예정이다 구 대표는 정부의 디지털 뉴딜에 따라 많은 사업이 시작될 것이라며 매월 개선되고 있는 모바일 인터넷  등 주력 사업의 성장도 이어질 것으로 확신한다고 밝혔다구 대표는 코로나 이후 변화에 따른 새로운 관점과 사업기회 발굴에 대해 언급했다 그는 코로나로 인한 경제 사회적 변화를 예의 주시하며 새로운 사업 기회를 만들도록 하겠다며 직원 안전의 중요성 비상상황에 대한 대비 비대면 업무처리 방식 비대면 교육의료 사업 활성화를 예로 들었다 저작권자  파이낸셜뉴스 무단 전재재배포 금지,IT/과학
 차이나 앨런 우 대표 해임을 두고 이사회와 직원 간 마찰이 벌어지고 있다 사진자이신 차이나 지배구조 그래픽지디넷코리아지난 월 일  차이나 직원들 명의의 공개 서한 중 일부소프트뱅크는  차이나 관련 갈등에는 손을 놓고 있는 상황이다 사진씨넷지디넷코리아권봉석 기자소프트뱅크가 년 인수한 세계 최대 반도체명령어셋 설계 전문 기업인 이 재매각을 위한 협의에 들어간 가운데 지난 월부터  차이나 앨런 우 대표의 해임을 두고 회사 이사회와 내부 직원들 사이에 갈등이 벌어지고 있어 주목된다이사회는 앨런 우 대표가 중국 현지 기업을 지원하는 펀드를 별도 조성한 데 대해  차이나와 이해 상충으로 판단하고 해임을 결정했다 그러나 앨런 우는 이사회 결정에 불복하고 있으며 직원들은 중국 정부의 개입과 중재를 요구하고 나섰다이같은  차이나 내홍이 현재 진행 중인 매각과 관련 어떤 영향을 미칠지 관심이 쏠린다이번 사태를 이해하기 위해서는 먼저  차이나의 지배구조를 살펴볼 필요가 있다소프트뱅크는 년  인수 당시 막대한 자금을 끌어다 썼고 이를 충당하기 위해 주식과 자산을 꾸준히 내다 팔았다 년에는  중국 사업 지분 중 를 허우안혁신펀드에 억 천만 달러약 천억원에 팔았다허우안혁신펀드는 과 호푸투자관리공사가 공동 관리하는 합자회사조인트벤처다 투자자로는 중국투자공사 실크로드 펀드중국정부 선전선예그룹 테마섹싱가포르 등이 참여하고 있다그 결과 현재  차이나는 더 이상 의 중국 지사가 아니다  아키텍처의 중국 내 독점 판매권을 가지고 있고 이라는 상호를 쓰고 있지만 의 지배력이 온전히 미치지 못한다 차이나와 영국  본사의 갈등은 지난 월부터 시작됐다영국  본사가  차이나 앨런 우  대표를 해임한 것이 그 발단이다 앨런 우는 년 에 입사해 년부터 중국 시장을 담당한 인물이다블룸버그통신에 따르면 앨런 우 대표는  기술을 이용하는 기업에 투자하는 펀드인 알파텍처를 만들었다 또 중국 내 고객사들이 이 펀드에 투자하면 라이선스 비용을 할인해 주는 정책을 적용하기도 했다그런데  차이나는 이미 같은 목적의 펀드를 운영하고 있다  차이나 대표의 지위를 이용해 별도로 조성한 펀드로 투자를 시행하고 라이선스 비용까지 할인해 주는 정책에 대해 은 이해 상충으로 결론을 내렸다결국  차이나 이사회는 월 초 앨런 우 대표를 해임했다 이사회는 영국 지분 측 인사 명과 허우안혁신펀드지분 측 이사 명으로 구성되어 있다영국 파이낸셜타임스는 핵심 관계자를 인용해 지난 수 년간 앨런 우의 리더십에 은 물론 중국 측허우안혁신펀드도 불신을 품고 있었고 결국 그를 해임하자는 결론을 내린 것이라고 보도했다하지만 앨런 우는 이사회의 해임 결정에 반발하는 한편 중국 상법상의 지위를 이용해 여전히 대표직을 수행하고 있다앨런 우 대표의 저항은 월 들어 한층 거세졌다 블룸버그통신에 따르면 앨런 우 대표는 사설 경비원을 고용해 영국 과  차이나 이사진임원이  차이나 시설에 접근하지 못하게 막고 있다 차이나는 지난 일 직원 여 명이 서명한 공개서한에서 이  차이나 고객사들에게 기존 거래나 계약을 종료할 것을 강요하고 있다며  차이나는 중국 측이 운영하는 회사인만큼 중국의 법률을 준수하고 사회적인 책임을 다해야 한다고 주장했다 차이나는 또 이 공개서한에서 중국 정부가  차이나를 둘러싼 갈등에 관심을 가지고 전략적 자산을 지킬 수 있도록 개입할 것을 호소한다고 밝혔다그러자 은 즉각 앨런 우는 잘못된 정보로  차이나 임직원들을 혼란케 함은 물론 중국 내 고객사들과 소통을 막아 중국 반도체 혁신을 위험에 빠뜨리고 있다고 반박했다 차이나에 따르면 지난 해  반도체 지적재산권 전체 매출에서  차이나가 차지하는 비율은 에 이른다 앨런 우 대표가  차이나 지지를 등에 업고 독자 행보를 펼치기에도 충분한 수준이며 이 경우  매각 논의에도 적신호가 켜질 수 있다또  차이나의 요청대로 중국 정부가 중재에 나서도 문제다 앨런 우 대표의 해임을 두고 이사회와 직원이 벌이던 국지적인 갈등이 영국 정부와 중국 정부의 충돌로 악화될 수 있기 때문이다결국  차이나를 둘러싼 마찰은  재매각의 뜨거운 감자로 떠 오르는 것은 물론  재매각 이후에도 인수 당사자에게는 골칫거리로 남게 될 가능성이 크다 그러나 이런 상황을 낳은 장본인인 소프트뱅크는 정작 갈등 해결에는 손을 놓다시피 하고 있다권봉석 기자메가뉴스     무단전재 및 재배포 금지,IT/과학
삼성전자가 지난 일 오후 자사 뉴스룸 등을 통해 공개한 언팩 차 공식 예고영상트레일러에 아이돌 그룹 가 등장하고 있다 삼성전자 유튜브 캡처 삼성전자가 지난 일 오후 자사 뉴스룸 등을 통해 공개한 언팩 차 공식 예고영상트레일러에 아이돌 그룹 가 등장하고 있다 삼성전자 유튜브 캡처삼성전자가 갤럭시 언팩신제품 공개 행사를 하루 앞두고 아이돌 그룹 방탄소년단 등의 모습이 담긴 차 공식 예고영상을 공개했다 지난 분기 중국 화웨이에 글로벌 시장 점유율 위를 내줬던 삼성전자가 갤럭시노트과 갤럭시폴드 등 언팩에서 공개할 신제품 종을 앞세워 상반기 부진을 털어낼 수 있을지 관심이 쏠리고 있다일 업계에 따르면 삼성전자는 전날 오후 자사 뉴스룸 등을 통해 언팩 차 공식 예고영상트레일러을 공개했다 이 영상은 차 트레일러와 마찬가지로 완전히 새로운 갤럭시가 공개된다    라는 문구로 시작되며 신제품의 윤곽과 더불어 삼성전자 무선사업부가 있는 수원 디지털시티 건물을 조명한다영상 말미에는 삼성전자와 글로벌 파트너십을 맺은  뮤지션 칼리드 프로게이머 미스 노태문 무선사업부장사장의 모습이 담겨 이들의 언팩 출연을 예고했다삼성전자는 일 오후 시한국시각 온라인으로 치르는 언팩 행사에서 갤럭시노트 갤럭시폴드와 함께 스마트워치 갤럭시워치 무선 이어폰 갤럭시 버즈 라이브 태블릿 갤럭시탭 등 신제품 종을 발표한다갤럭시노트 시리즈는 인치 플랫 디스플레이의 일반 모델 인치 엣지 디스플레이의 울트라 모델 가지로 나온다 펜의 지연 속도가 밀리초 분의 초로 줄었고 포인터 기능이 추가되는 것이 특징이다갤럭시폴드는 접었을 때 화면 크기가 인치 펼쳤을 때 인치로 커진다 전작은 접었을 때 인치 펼쳤을 때 인치였다삼성전자는 이들 제품을 앞세워 상반기 갤럭시 시리즈 부진을 만회하고 화웨이에 뺏긴 위도 되찾는다는 계획이다 삼성전자의 휴대폰 사업을 맡고 있는 부문은 신종 코로나바이러스 감염증코로나 확산 여파로 분기 매출이 전년 동기 대비  급감한 조억원에 그쳤다특히 휴대폰 주력 상품인 갤럭시 시리즈가 전작 대비 밖에 팔리지 못하면서 글로벌 시장 점유율 세계위 자리를 중국 업체인 화웨이에 내줬다 시장조사업체 카운터포인트 리서치에 따르면 분기 글로벌 스마트폰 시장에서 화웨이가 의 점유율로 삼성을 제치고 위를 차지했다삼성전자는 갤럭시노트 등 신제품 출시를 앞세워 하반기에는 매출과 판매량 상승을 노리고 있다 삼성전자 관계자는 분기 중국 시장이 코로나 이후 먼저 회복하면서 화웨이가 근소한 차이로 점유율 위를 차지한 것이라며 하반기 신제품 출시와 중국 이외 지역의 수요 회복 등으로 판매량이 상승할 것이라고 전망했다김기중 기자  네이버 채널에서 한국일보를 구독하세요 정치채널 뉴스보야쥬 넷따잡 뷰잉 영상보기 한국일보닷컴 바로가기,IT/과학
배민 손잡고 배달로봇 고도화비대면 확산으로 로봇산업 가속화통신사들이 세대 이동통신을 활용한 로봇 서비스를 잇따라 선보이고 있다 의 초고속과 저지연 특성을 활용해 기존 로봇의 성능을 높일 수 있기 때문이다 로봇 서비스가 스마트팩토리 등  기업 간 거래 영역의 신산업으로 떠오르고 있어 관련 사업을 꾸준히 확대할 전망이다텔레콤은 일 배달 서비스 배달의민족을 운영하는 우아한형제들과  모바일 에지 컴퓨팅 및 스마트 로봇 기반 사업에 협력하는 내용의 업무협약을 맺었다양사는 텔레콤의   클라우드 플랫폼과 통신망 운용 노하우를 우아한형제들의 스마트 로봇 배달 서비스에 접목해 무인 배달 시스템을 고도화할 계획이다 는 무선 기지국에 클라우드 서버를 설치해 네트워크 지연 시간을 줄이는  핵심 기술이다우아한형제들은 실내 서빙로봇 딜리플레이트 실내 층간 이동 배달로봇 딜리타워 실외 배달로봇 딜리드라이브 등을 운영하고 있다 이를 텔레콤의  와 접목하면 더욱 세밀한 자율주행이 가능해질 것이란 설명이다 양사는 지난 월부터 건국대 서울캠퍼스에서 딜리드라이브에  를 적용하는 테스트를 시행 중이다 텔레콤 관계자는 자율 주행 안정성과 원격 관제 효율성이 크게 향상되는 성과를 거뒀다고 설명했다양사는 비대면 상황에서 고객이 안심하고 물품을 받을 수 있도록 서비스를 강화할 계획이다 차량 진입이 어려운 곳에 배송로봇을 투입하거나 배달원이 방문하기 어려운 시간대에 로봇을 활용하는 등 배송 편의 향상과 비용 절감을 함께 추진하기로 했다텔레콤은 이날 로봇 전문기업 로보티즈와도 자율주행 로봇사업 협력에 대한 업무협약을 맺었다 망을 활용해 로봇에서 생산된 대용량 영상과 센서 정보를 전송해 자율주행 성능을 개선하기로 했다 공장 상주 인력 최소화를 위한 제품 적재 원격 정비 순찰 방역 등 로봇 기반의 다양한 서비스도 선보인다는 목표다는 이미 로봇 상용화에 나섰다 는 현대로보틱스와 함께 작년 월 서울 노보텔앰배서더 동대문호텔에 기가지니 호텔로봇을 선보였다 자율주행 기능을 활용해 호텔 투숙객이 수건 생수 등 편의용품을 요청하면 객실로 배달한다 지난 월 기능을 업그레이드한 세대 로봇까지 내놨다 는 앞으로 호텔로봇을 식음료 배달 사무실 지원 등 다양한 분야로 확대한다는 계획이다스마트팩토리에서 활용할 수 있는 협동로봇도 일선 공장에 적용했다 협동로봇은 근로자와 함께 공정을 자동화할 수 있는 형태의 로봇이다 는 울산의 제조업체 린노알미늄을 비롯해 개 공장에 협동로봇을 적용한 데 이어 연내 개 중소기업 공장으로 늘릴 방침이다유플러스도 이달 서울 에이치플러스양지병원에 방역로봇을 도입한다 얼굴 분석을 통해 병원 내부 인원의 체온과 마스크 착용 여부를 확인하고 이상을 감지하면 관제실에 알려준다통신사들이 로봇을 활용한 사업에 집중하는 이유는 로봇이 의 특성을 가장 잘 살릴 수 있기 때문이다 기존 세대 이동통신 대비 속도가 빠르고 지연시간이 짧은 의 특성을 활용해 로봇에 필요한 자율주행 머신비전 공간 매핑 등을 효과적으로 수행할 수 있다 신종 코로나바이러스 감염증코로나으로 인한 비대면 서비스도 이 같은 흐름을 가속화하고 있다 업계 관계자는 사회 전 영역에서 비대면 서비스가 확산되면서 로봇의 필요성이 더욱 커지고 있다고 말했다이승우 기자  한국경제    무단전재 및 재배포 금지,IT/과학
삼성전자 전략 스마트폰 갤럭시 등이 스페인에서 모바일 접근성 인증을 받았다 삼성전자 뉴스룸 제공 삼성전자 전략 스마트폰 갤럭시 등이 스페인에서 모바일 접근성 인증을 받았다 삼성전자 뉴스룸 제공파이낸셜뉴스 삼성전자 스마트폰이 시청각 및 운동언어 장애를 지닌 사람들도 이용할 수 있도록 다양한 기능을 갖추고 있다는 점이 인정됐다 스마트폰 화면에 뜬 정보를 더 정확하게 볼 수 있도록 어두운색 배경과 밝은색 텍스트를 적용한 고대비 테마가 대표적이다삼성전자는 자사 전략 스마트폰 갤럭시 와 갤럭시 노트이 스페인 비영리기관 온세재단 으로터 아모빌 인증을 획득했다며 일 이같이 밝혔다 아모빌 인증은 온세재단과 보편적 접근성 컨설팅 기업인 일루니온 테크놀로지가 협업해 만든 접근성 인증 프로그램이다온세재단은 갤럭시 뿐 아니라 갤럭시 와 갤럭시  울트라에도 접근성 인증을 부여했다 갤럭시 노트도 펜을 활용해 메모나 그림으로 의사소통을 하는 데 활용할 수 있다갤럭시 갤럭시노트 저작권자  파이낸셜뉴스 무단 전재재배포 금지,IT/과학
전자 윙 예상 이미지 전자 윙 예상 이미지  전자신문  전자신문인터넷 무단전재 및 재배포 금지전자 하반기 전략 스마트폰  윙코드명이 월 일 베일을 벗는다 가격대는 만원선 안팎으로 예상된다두 개 화면을 이용 차별화된 사용자 경험으로 폼팩터 혁신에 새로운 방향성을 제시할 것으로 전망된다전자는  윙 출시 일정을 잠정 확정하고 이동통신사와 사전 논의를 진행 중이다 출고가는 출시 주 전 세대 이동통신 시장 상황과 제조 원가 등을 감안해 최종 결정할 예정이다 윙은 인치 메인 디스플레이와 가로세로 비율 약 대인 인치 보조화면을 장착한 스마트폰이다 메인 디스플레이는 회전하는 형태로 필요할 때 가로 방향으로 눕혀 사용할 수 있다 보조 화면은 게임패드나 메신저 키보드 등 다양한 용도로 활용 가능하다당초 월 출시 가능성이 제기됐지만 월 초 삼성전자 갤럭시 폴드와 월 아이폰 등을 감안해 일정을 앞당긴 것으로 풀이된다 벨벳과 동일한 퀄컴 스냅드래곤 칩셋을 탑재했지만 두 종류 디스플레이가 적용되는 만큼 가격을 낮추기 쉽지 않다는 분석이다 윙 생산 물량은 기존 플래그십보다 적은 것으로 알려졌다 매출 확장보다 스마트폰 폼팩터 혁신이라는 전자 중장기 비전에 초점을 맞춘 것으로 해석된다한편 전자는 내년 상반기 롤러블 디스플레이를 처음으로 스마트폰에 적용한 신제품을 준비 중이다  프로젝트라 알려진 모델로 평상시에는 일반 스마트폰과 같은 외형에 화면을 오른쪽으로 잡아당기면 안쪽으로 말려있던 디스플레이가 펼쳐지며 확장되는 형태다전자 관계자는 아직 출시되지 않은 제품에 대해서는 구체 사항을 확인해주기 어렵다고 말했다박정은기자 ,IT/과학
  전자신문  전자신문인터넷 무단전재 및 재배포 금지데이터가 기업과 기관 성패를 좌우한다 데이터로 비즈니스 효과 극대화뿐 아니라 생산성 향상 비용 감소 등 다양한 혜택을 본다 데이터 패권시대다 그러나 현업부서는 어떤 데이터를 어떻게 모아서 분석할지 모른다 정보기술 부서는 데이터를 어디에 어떻게 활용할지를 두고 고민한다 데이터 기반 비즈니스로 기업기관이 성장해야 하는데 여전히 데이터 활용은 구호에만 그친다 포스트 코로나 시대에 적합한 현장 맞춤형 비대면 데이터인공지능 교육을 심층 분석한다가 무엇인가 의 역할과 가 조직에 가져다 줄 이점은 무엇인가 조직에서 를 어떻게 사용할 수 있는지 에 대한 고민을 해결 할 수 있는 해법이 제시됐다이티에듀와 솔트룩스가 영국 사우샘프턴 데이터 사이언스 아카데미 교육 프로그램 비즈니스를 위한 와 머신러닝 과정을 선보였다  핵심 기술을 학습하고 를 활용해 실무에 적용할 수 있도록 고안됐다 와 데이터 과학 분야 업계 전문가가 주간  온라인으로 수업을 한다 교육과정을 통해  비즈니스 사례와 다양한  기능을 학습한다는 지난 년 동안 이미지 인식 자연어 이해 패턴 감지 예측 및 자율 장치와 같은 다양한 영역에서 인간 능력을 능가하는 기술 발전을 보였다 몇 년 동안 산업 전체를 변화시켰으며 우리 삶 직업 기업 정부 사회에 대해 생각하는 방식을 바꿨다현 상황을 적절하게 적용한 이 과정은  기능 프레임 워크에 따라 구성됐다 문제 중심 학습 접근법에 따라  기능이 비즈니스 사례 연구 맥락에서 논의된다 짧은 비디오 튜토리얼 가이드 연습 프리젠테이션 온라인 연습 추가 읽기 등 다양한 학습 자료를 다룬다 공공과 민간 부문 전문가가 자신의 조직에서 어떻게 를 사용할지 이해하는 지식과 기술을 습득하도록 설계됐다 기업과 기관 비즈니스 종사자 관리자 이상 임원 컨설턴트 분석가 등이 교육 대상이다과정 첫 주차에는 소개를 통해 다양한  유형 이해와 기술 현황을 공부한다  빅데이터 클라우드 컴퓨팅 사물인터넷 간의 관계를 이해하고 에서 데이터 역할을 공부한다 주차에는 머신러닝이 해결하는 문제 유형 애플리케이션 컨텍스트에서 유용한 머신러닝 작업을 배운다 자연어 처리 파이프라인을 작성하는데 사용되는 기술 머신러닝 모델 결과 분석 평가 해석 등을 수업한다주차에는 자연어 생성에서 가장 중요한 방법과 기술 자연어 처리에 관한 딥러닝 접근법과 사용용도 등을 학습한다 주차에는 클러스터링 알고리즘 주제 모델링을 주차에는 이미지 처리 및 컴퓨터 비전에 관한 접근법 등을 배운다 마지막 주차로는  향후 방향을 알게 된다신혜권 이티에듀 대표는 본 과정을 수료하면 비즈니스에 를 활용하는 기본 역량을 갖출 수 있다면서 영국 사우샘프턴 데이터 사이언스 아카데미 정식 수료증도 발급한다고 말했다 비즈니스를 위한 와 머신러닝 과정 신청은 이티에듀 홈페이지에서 가능하다오다인기자 ,IT/과학
이병길 한국테크놀로지 대표 이병길 한국테크놀로지 대표  전자신문  전자신문인터넷 무단전재 및 재배포 금지비대면 시대에도 사람은 먹어야 하고 입어야 하며 일해야 한다 여가와 취미를 즐겨야 하고 공식이든 비공식이든 사람 사이에 살아 있어야 존재할 수 있다사람의 욕구는 수요로 이어지고 수요가 시장을 불러옴은 자명하다 언택트가 앞당기고 구체화할 차 산업혁명 시장의 필수 요소 및 경쟁력은 무엇일까필자는 핵심을 가성비와 범용성이라 생각한다차 산업혁명이 일반 대중의 삶 깊숙이 뿌리를 내리기 위해서는 한두 가지 상품과 서비스로는 불가하다 기술이 집약된 다양한 범용 상품과 서비스가 준비돼야 하고 가성비도 중요하다고가라면 서민층은 이용이 어려울 것이며 저가라 해도 제 기능을 발휘하지 못하면 구매를 꺼릴 것이다 가성비가 전제돼야 상용화대중화가 가능하고 가성비가 높을수록 시장에서 큰 반응을 얻을 수 있다는 것이다필자는 우리나라가 몇 년 전부터 차 산업혁명을 국가 사업으로 여길 정도로 중요하게 다루고 있고 세계 최초의 세대 이동통신 상용화를 이룬 정보통신기술 선진국임에도 아직 지지부진한 이유를 바로 국내 기업의 가성비 문제라고 보고 있다코로나로 지속되는 경기 침체 및 서민 경제난에도 국내 대기업과 제조사가 국내에 내놓는 상품 가격이 해외보다 높은 것이 현실이기 때문이다 몇 년 전만 해도 일부에 지나지 않던 해외직접 구매의 급격한 대중화가 이를 뒷받침한다결국 국내 기업의 내수 가격 정책은 최근 소비자의 합리 및 실용 소비 트렌드가 반영되지 않은 것으로 볼 수 있다 과거 과소비 시대와 달리 특정 브랜드 및 채널과 같은 선호도보다 합리성과 실용성이 중시되기 때문이다이러한 가성비 트렌드는 언택트 시대를 맞아 더욱 가속화하고 있고 이는 새로운 경쟁자 진입을 통해 기존 플레이어와의 가격 경쟁을 촉발할 것으로 전망된다 고가 위주 시장이 가성비 시장으로 재편되는 것이다차 산업혁명 제품과 서비스는 호환이 가능한 범용성을 필수로 한다다양하고 적용 범위가 넓을수록 활용도가 크다 일부 기업 또는 브랜드에 제한된 소수 상품만 판매된다면 고객의 선택권과 효용은 제한될 수밖에 없고 이는 경쟁력 상실로 이어진다만약 사 스마트폰을 구매했는데 연동되는 인공지능사물인터넷 제품이 없다든지 통신사 상품에 가입했는데 타사에 있는 빅데이터 서비스 기능이 전혀 없으면 아무리 단일 상품의 경쟁력이 뛰어나더라도 외면받을 공산이 커지게 되는 것이다이에 반해 특정 브랜드가 스마트폰 가전 등 다양한 하드웨어와 이를 연동할 수 있는 전용 애플리케이션앱을 활용해  생태계 구성이 가능하고 가성비 있는 가격까지 갖추게 된다면 국내 메인 브랜드를 제치고 급부상할 수 있을지 모른다가격이 비싼  스마트폰과 대형 가전은 물론 와 연결되는 중소형 기기는 가성비 좋고 범용성을 띤 제품의 인기가 심화할 수 있다필자는 모두가 어려운 언택트 시대에는 가성비와 범용성이 주요 화두가 돼 많은 사람이 편익과 효용을 누렸으면 하는 바람이다 특히  관련 제품은 특정 계층이나 서민층이 소외받지 않고 사용할 수 있도록 만드는 것도 반드시 필요하다사람들은 구글의 딥마인드가 개발한  알파고가 방대한 빅데이터를 스스로 학습해서 세계 최고 바둑기사인 이세돌 단을 꺾은 일을 기억할 것이다벌써 년 전 일이다 이처럼 세상은 빠르게 변하고 있다 기술은 진보하고 가격은 낮아지며 이는 우리에게 혜택으로 돌아오고 있다모든 기술과 제도는 결국 사람을 이롭게 하기 위해 존재한다우리 기업이 가성비와 범용성을 띤 제품을 많이 만들고 국내 소비자나 서민을 외면하지 않는 좋은 상품을 공급하는 등 세계 속의 자랑스러운 기업으로 우뚝 서게 되기를 고대해 본다이병길 한국테크놀로지 대표 ,IT/과학
  전자신문  전자신문인터넷 무단전재 및 재배포 금지일 서울 광화문 스퀘어에서 한 소비자가 단말기 개통을 위해 상담하고 있다 이동통신 사유플러스는 만 세 이상 고령층이 요금제를 변경할 때 고가요금제 강요 등 불완전판매 위험을 줄이기 위해 미리 설정해 놓은 보호자제자에게 알림을 보내는 서비스를 무료로 제공한다이동근기자 ,IT/과학
